[20:44:55] [main/INFO]: Loading Minecraft 1.20.1 with Fabric Loader 0.19.5
[20:44:55] [ForkJoinPool-1-worker-3/WARN]: The mod "dungeons_arise" contains invalid entries in its mod json:
- Unsupported root entry "credits" at line 12 column 12
[20:44:55] [ForkJoinPool-1-worker-5/WARN]: Mod com_github_rtyley_animated-gif-lib-for-java uses the version animated-gif-lib-1.7 which isn't compatible with Loader's extended semantic version format (Could not parse version number component 'animated'!), SemVer is recommended for reliably evaluating dependencies and prioritizing newer version
[20:44:55] [ForkJoinPool-1-worker-12/WARN]: Mod charm uses the version forked-6.0.25 which isn't compatible with Loader's extended semantic version format (Could not parse version number component 'forked'!), SemVer is recommended for reliably evaluating dependencies and prioritizing newer version
[20:44:55] [ForkJoinPool-1-worker-4/WARN]: Mod backported_wolves uses the version 1.20.x+2.0.0 which isn't compatible with Loader's extended semantic version format (Could not parse version number component 'x'!), SemVer is recommended for reliably evaluating dependencies and prioritizing newer version
[20:44:55] [ForkJoinPool-1-worker-8/WARN]: Mod totw_modded uses the version fabric-1.20.1-1.0.5 which isn't compatible with Loader's extended semantic version format (Could not parse version number component 'fabric'!), SemVer is recommended for reliably evaluating dependencies and prioritizing newer version
[20:44:55] [ForkJoinPool-1-worker-8/WARN]: The mod "tcdcommons" contains invalid entries in its mod json:
- Unsupported root entry "" at line 27 column 4
- Unsupported root entry "" at line 27 column 198
- Unsupported root entry "" at line 29 column 4
- Unsupported root entry "" at line 29 column 24
[20:44:55] [ForkJoinPool-1-worker-23/WARN]: Mod oceansdelight uses the version fdrf-fabric-1.0.2-1.20 which isn't compatible with Loader's extended semantic version format (Could not parse version number component 'fdrf'!), SemVer is recommended for reliably evaluating dependencies and prioritizing newer version
[20:44:55] [ForkJoinPool-1-worker-8/WARN]: Mod longnbtkiller uses the version Fabric-1.20.1-1.0.0 which isn't compatible with Loader's extended semantic version format (Could not parse version number component 'Fabric'!), SemVer is recommended for reliably evaluating dependencies and prioritizing newer version
[20:44:55] [ForkJoinPool-1-worker-8/WARN]: Mod naturalist uses the version 5.0pre4 which isn't compatible with Loader's extended semantic version format (Could not parse version number component '0pre4'!), SemVer is recommended for reliably evaluating dependencies and prioritizing newer version
[20:44:55] [ForkJoinPool-1-worker-11/WARN]: Mod the_bumblezone uses the version $version which isn't compatible with Loader's extended semantic version format (Could not parse version number component '$version'!), SemVer is recommended for reliably evaluating dependencies and prioritizing newer version
[20:44:56] [main/WARN]: Warnings were found!
 - Mod 'Debugify' (debugify) 1.20.1+2.0 recommends any 3.x version of yet-another-config-lib, which is missing!
	 - You should install any 3.x version of yet-another-config-lib for the optimal experience.
 - Mod 'Simply Swords' (simplyswords) 1.70.2-1.20.1 recommends version 1.7.2 or later of bettercombat, which is missing!
	 - You should install version 1.7.2 or later of bettercombat for the optimal experience.
[20:44:56] [main/INFO]: Loading 579 mods:
	- aa4-atlas 1.1.2
	- accessories 1.0.0-beta.48+1.20.1
	   |-- io_wispforest_endec 0.1.8
	   |-- io_wispforest_endec_gson 0.1.5
	   \-- io_wispforest_endec_netty 0.1.4
	- additionalstructures 4.2.2
	- adorabuild_structures 2.8.0
	- advancednetherite 2.1.3-1.20.1
	- adventurez 1.4.20
	- aether 1.5.2-beta.6
	   |-- cumulus_menus 1.20.1-1.0.2-fabric
	   |-- mm_shedaniel 2.4.1
	   |-- nitrogen_internals 1.20.1-1.0.15-fabric
	   |-- porting_lib_asm 2.3.9-beta.51+1.20.1
	   |-- porting_lib_blocks 2.3.9-beta.51+1.20.1
	   |-- porting_lib_brewing 2.3.9-beta.51+1.20.1
	   |-- porting_lib_client_events 2.3.9-beta.51+1.20.1
	   |-- porting_lib_data 2.3.9-beta.51+1.20.1
	   |-- porting_lib_items 2.3.9-beta.51+1.20.1
	   |-- porting_lib_level_events 2.3.9-beta.51+1.20.1
	   |-- porting_lib_model_generators 2.3.9-beta.51+1.20.1
	   |    \-- porting_lib_model_materials 2.3.9-beta.51+1.20.1
	   |-- porting_lib_model_loader 2.3.9-beta.51+1.20.1
	   |-- porting_lib_models 2.3.9-beta.51+1.20.1
	   \-- porting_lib_tags 3.0
	- almanac 1.0.2
	- alternate-current 1.9.0
	- amendments 1.20-2.2.6
	- animal_feeding_trough 1.1.0+1.20.1
	- animatica 0.6.1+1.20.4
	- antique_atlas 3.1.2+1.20
	- antique_atlas_item 1.0.0
	- aquamirae 6
	- architectury 9.2.14
	- argonauts 1.0.10
	   \-- placeholder-api 2.1.1+1.20
	- artifacts 9.5.17
	   |-- expandability 9.0.4
	   \-- step-height-entity-attribute 1.2.0
	- ash_api 3.0.2+1.20.1
	- athena 3.1.2
	- attachmentsapi 1.1.4.8
	   \-- mm 2.3
	- attribute-backport 1.2.1
	- attributefix 21.0.5
	- autotag-convention 2.0.2+1.20
	   \-- autotag 2.0.2+1.20
	- azurelib 3.1.12
	- backported_wolves 1.20.x+2.0.0
	- badoptimizations 2.4.1
	- balm 7.3.42
	   \-- kuma_api 20.1.12
	- bclib 3.0.14
	   \-- wunderlib 1.1.5
	- better-trim-tooltips 1.0.1
	- betteradvancements 0.6.0.73
	- betterdays 3.3.4.5
	   \-- whitenoise 1.1.1
	- betterdungeons 1.20-Fabric-4.0.4
	   \-- org_reflections_reflections 0.10.2
	- betterend 4.0.11
	- betterend-crashed-ships 1.0.0
	- betterendisland 1.20-Fabric-2.0.6
	- betterfortresses 1.20-Fabric-2.0.6
	- bettergrass 1.4.4+fabric.1.20.1
	   \-- blue_endless_jankson 1.2.3
	- betterjungletemples 1.20-Fabric-2.0.5
	- bettermineshafts 1.20-Fabric-4.0.4
	- bettermounthud 1.2.2
	- betternether 9.0.10
	- betteroceanmonuments 1.20-Fabric-3.0.4
	- betterstrongholds 1.20-Fabric-4.0.3
	- bettertridents 8.0.1
	- betterwitchhuts 1.20-Fabric-3.0.3
	- bhmenu 2.4.2
	- biolith 1.0.1-beta.1
	- biomesoplenty 19.0.0.96
	- boatiview 0.0.5
	- bobby 5.0.1.1
	   |-- com_typesafe_config 1.4.2
	   |-- io_leangen_geantyref_geantyref 1.3.13
	   |-- org_spongepowered_configurate-core 4.1.2
	   \-- org_spongepowered_configurate-hocon 4.1.2
	- bookshelf 20.2.15
	- bosses_of_mass_destruction 1.7.5-1.20.1
	   |-- maelstrom_library 1.6.1-1.20
	   \-- multipart_entities 1.5-1.20
	- bountiful 6.0.4+1.20.1
	- bygonenether 1.3.2
	- cardinal-components 5.2.3
	   |-- cardinal-components-base 5.2.3
	   |-- cardinal-components-block 5.2.3
	   |-- cardinal-components-chunk 5.2.3
	   |-- cardinal-components-entity 5.2.3
	   |-- cardinal-components-item 5.2.3
	   |-- cardinal-components-level 5.2.3
	   |-- cardinal-components-scoreboard 5.2.3
	   \-- cardinal-components-world 5.2.3
	- cerulean 1.0.0
	- champions 1.0.1-1.20.1
	- charm forked-6.0.25
	   |-- charmony 6.15.1
	   \-- com_moandjiezana_toml_toml4j 0.7.2
	- charmofundying 6.5.0+1.20.1
	- chat_heads 0.15.7
	- cherishedworlds 6.1.7+1.20.1
	- chunkactivitytracker 1.0.1
	- chunksfadein 3.0.25-1.20
	- citresewn 1.2.2+1.20.1
	   \-- citresewn-defaults 1.2.2+1.20.1
	- clientsort 2.2.2+1.20.1
	- climaterivers 20.1.0
	- cloth-config 11.1.136
	   \-- cloth-basic-math 0.6.1
	- clumps 12.0.0.4
	- collective 8.39
	- comforts 6.4.0+1.20.1
	- configurable 2.2.3
	- configureddefaults 8.0.4
	- continuity 3.0.0+1.20.1
	- controlling 12.0.2
	- corgilib 4.0.3.5
	   |-- com_electronwill_night-config_core 3.8.3
	   \-- com_electronwill_night-config_toml 3.8.3
	- coroutil 1.20.1-1.3.7
	- craftpresence 2.7.1
	- crawl 0.12.0
	   \-- mm 2.3
	- creativecore 2.12.39
	   \-- net_minecraftforge_eventbus 6.0.3
	- creeperoverhaul 3.0.2
	- cristellib 1.1.5
	- cubes-without-borders 3.0.0+mc1.20
	- cull-less-leaves 1.4.2+1.21-fabric
	- culturaldelights 1.0.5+1.20.1
	   |-- mm 2.3
	   \-- terraform-wood-api-v1 7.0.1
	- cutthrough 8.0.2
	- darkbosses 1.0.4
	- dataanchor 1.0.0.22
	- dawn 5.0.0
	   |-- terraform-shapes-api-v1 7.0.1
	   \-- terraform-wood-api-v1 7.0.1
	- debugify 1.20.1+2.0
	- decorative_blocks 4.1.3
	- deeperdarker 1.3.3-plus-b
	   \-- customportalapi 0.0.1-beta64-1.20
	- dehydration 1.3.6
	- deleteworldstotrash 8.0.0
	- despawntweaks 1.0.0
	- deuf_refabricated 1.1.0
	- diagonalfences 8.1.5
	   \-- diagonalblocks 8.0.6
	- dimensionalsyncfixes 1.20.1-0.0.2
	- dinos 1.1.0
	- disenchanter 0.1.8+1.20
	- distraction_free_recipes 1.2.1
	- does_it_tick 1.1.4
	- dsurround 0.3.3
	   \-- org_openjdk_nashorn_nashorn-core 15.4
	- dungeons_arise 2.1.57
	- dynamic_fps 3.11.4
	   \-- net_lostluma_battery 2.0.0
	- early_loading_bar 1.0
	- earlybedtime 1.0.0
	- easyanvils 8.0.2
	- easymagic 8.0.1
	- elytraslot 6.4.4+1.20.1
	- enchdesc 17.1.21
	- endermanoverhaul 1.0.4
	- endersdelight 1.20.1-1.0.2.refabricated
	- enhancedcelestials2core 1.0.3.1
	- enhancedcelestials2defaultlunarevents 1.0.0.5
	- enhancedcelestials2shaders 1.0.0.3
	- enhancedvisuals 1.8.30
	- entity_model_features 3.3.2
	- entity_texture_features 7.2.1
	- entityculling 1.10.5
	   |-- transition 1.0.21
	   \-- trender 1.0.15
	- environmentz 2.0.8
	   \-- satin 1.13.0
	- epherolib 1.2.0
	- euphoria_patcher 1.9.3-r5.8.1-fabric
	- everycomp 1.20-2.9.24
	- expandeddelight 0.3.2
	   |-- mm 2.3
	   \-- omega-config 1.4.0+1.20.1
	- explorations 1.20.1-1.6.1
	- explorerscompass 1.20.1-2.6.0-fabric
	- explorify 1.6.5
	- explosiveenhancement 1.3.2-1.20-1.20.4
	- fabric-api 0.92.12+1.20.1
	   |-- fabric-api-base 0.4.32+1802ada577
	   |-- fabric-api-lookup-api-v1 1.6.37+1802ada577
	   |-- fabric-biome-api-v1 13.0.15+93aa238b77
	   |-- fabric-block-api-v1 1.0.12+1802ada577
	   |-- fabric-block-view-api-v2 1.0.3+924f046a77
	   |-- fabric-blockrenderlayer-v1 1.1.42+1802ada577
	   |-- fabric-client-tags-api-v1 1.2.0+238242b777
	   |-- fabric-command-api-v1 1.2.35+f71b366f77
	   |-- fabric-command-api-v2 2.2.14+1802ada577
	   |-- fabric-commands-v0 0.2.52+df3654b377
	   |-- fabric-containers-v0 0.1.68+df3654b377
	   |-- fabric-content-registries-v0 4.0.13+1802ada577
	   |-- fabric-convention-tags-v1 1.5.6+1802ada577
	   |-- fabric-crash-report-info-v1 0.2.20+1802ada577
	   |-- fabric-data-attachment-api-v1 1.0.2+de0fd6d177
	   |-- fabric-data-generation-api-v1 12.4.0+238242b777
	   |-- fabric-dimensions-v1 2.1.55+1802ada577
	   |-- fabric-entity-events-v1 1.6.1+1c78457f77
	   |-- fabric-events-interaction-v0 0.6.6+13a40c6677
	   |-- fabric-events-lifecycle-v0 0.2.64+df3654b377
	   |-- fabric-game-rule-api-v1 1.0.41+1802ada577
	   |-- fabric-item-api-v1 2.1.29+1802ada577
	   |-- fabric-item-group-api-v1 4.0.14+1802ada577
	   |-- fabric-key-binding-api-v1 1.0.38+1802ada577
	   |-- fabric-keybindings-v0 0.2.36+df3654b377
	   |-- fabric-lifecycle-events-v1 2.2.23+1802ada577
	   |-- fabric-loot-api-v2 1.2.3+1802ada577
	   |-- fabric-loot-tables-v1 1.1.47+9e7660c677
	   |-- fabric-message-api-v1 5.1.10+1802ada577
	   |-- fabric-mining-level-api-v1 2.1.52+1802ada577
	   |-- fabric-model-loading-api-v1 1.0.4+1802ada577
	   |-- fabric-models-v0 0.4.3+9386d8a777
	   |-- fabric-networking-api-v1 1.3.15+0caff8d077
	   |-- fabric-networking-v0 0.3.55+df3654b377
	   |-- fabric-object-builder-api-v1 11.1.5+e35120df77
	   |-- fabric-particles-v1 1.1.3+1802ada577
	   |-- fabric-recipe-api-v1 1.0.25+1802ada577
	   |-- fabric-registry-sync-v0 2.4.1+4c0a70e677
	   |-- fabric-renderer-api-v1 3.2.2+1802ada577
	   |-- fabric-renderer-indigo 1.5.3+85287f9f77
	   |-- fabric-renderer-registries-v1 3.2.48+df3654b377
	   |-- fabric-rendering-data-attachment-v1 0.3.39+92a0d36777
	   |-- fabric-rendering-fluids-v1 3.0.29+1802ada577
	   |-- fabric-rendering-v0 1.1.51+df3654b377
	   |-- fabric-rendering-v1 3.0.10+54550fb677
	   |-- fabric-resource-conditions-api-v1 2.3.9+1802ada577
	   |-- fabric-resource-loader-v0 0.11.12+fb82e9d777
	   |-- fabric-screen-api-v1 2.0.9+1802ada577
	   |-- fabric-screen-handler-api-v1 1.3.34+1802ada577
	   |-- fabric-sound-api-v1 1.0.14+1802ada577
	   |-- fabric-tag-api-v1 1.3.0+238242b777
	   |-- fabric-transfer-api-v1 3.3.6+8dd72ea377
	   \-- fabric-transitive-access-wideners-v1 4.3.2+1802ada577
	- fabric-language-kotlin 1.13.13+kotlin.2.4.10
	   |-- org_jetbrains_kotlin_kotlin-reflect 2.4.10
	   |-- org_jetbrains_kotlin_kotlin-stdlib 2.4.10
	   |-- org_jetbrains_kotlin_kotlin-stdlib-jdk7 2.4.10
	   |-- org_jetbrains_kotlin_kotlin-stdlib-jdk8 2.4.10
	   |-- org_jetbrains_kotlinx_atomicfu-jvm 0.33.0
	   |-- org_jetbrains_kotlinx_kotlinx-coroutines-core-jvm 1.11.0
	   |-- org_jetbrains_kotlinx_kotlinx-coroutines-jdk8 1.11.0
	   |-- org_jetbrains_kotlinx_kotlinx-datetime-jvm 0.8.0
	   |-- org_jetbrains_kotlinx_kotlinx-io-bytestring-jvm 0.9.1
	   |-- org_jetbrains_kotlinx_kotlinx-io-core-jvm 0.9.1
	   |-- org_jetbrains_kotlinx_kotlinx-serialization-cbor-jvm 1.11.0
	   |-- org_jetbrains_kotlinx_kotlinx-serialization-core-jvm 1.11.0
	   \-- org_jetbrains_kotlinx_kotlinx-serialization-json-jvm 1.11.0
	- fabrication 3.6.6+1.20
	   \-- lib39-deferral 1.5.0-pre2.2+1.19.3
	- fabricloader 0.19.5
	   \-- mixinextras 0.5.5
	- fallingleaves 1.15.6
	- fallingtree 4.3.4
	- fancymenu 3.9.12
	   |-- com_github_keksuccino_japng 0.5.3
	   \-- com_github_rtyley_animated-gif-lib-for-java animated-gif-lib-1.7
	- farmers_structures 1.0.0
	- farmersdelight 1.20.1-2.5.7+refabricated
	   |-- mm 2.3
	   |-- porting_lib_base 2.3.15+1.20.1
	   |    |-- porting_lib_accessors 2.3.15+1.20.1
	   |    |-- porting_lib_attributes 2.3.15+1.20.1
	   |    |-- porting_lib_common 2.3.15+1.20.1
	   |    |-- porting_lib_core 2.3.15+1.20.1
	   |    |-- porting_lib_entity 2.3.15+1.20.1
	   |    |-- porting_lib_extensions 2.3.15+1.20.1
	   |    |-- porting_lib_fluids 2.3.15+1.20.1
	   |    |-- porting_lib_gui_utils 2.3.15+1.20.1
	   |    |-- porting_lib_mixin_extensions 2.3.15+1.20.1
	   |    |-- porting_lib_tool_actions 2.3.15+1.20.1
	   |    |-- porting_lib_transfer 2.3.15+1.20.1
	   |    |-- porting_lib_utility 2.3.15+1.20.1
	   |    \-- reach-entity-attributes 2.4.0
	   |-- porting_lib_config 2.3.15+1.20.1
	   |    \-- porting_lib_core 2.3.15+1.20.1
	   |-- porting_lib_lazy_registration 2.3.15+1.20.1
	   |    \-- porting_lib_core 2.3.15+1.20.1
	   |-- porting_lib_loot 2.3.15+1.20.1
	   |    \-- porting_lib_core 2.3.15+1.20.1
	   |-- porting_lib_networking 2.3.15+1.20.1
	   |    \-- porting_lib_core 2.3.15+1.20.1
	   \-- porting_lib_recipe_book_categories 2.3.15+1.20.1
	        \-- porting_lib_core 2.3.15+1.20.1
	- farmersknives 3.2
	- faster-random 5.1.0
	- fastipping 1.0.8
	- fastitemframes 20.1.5
	- fastpaintings 1.20-1.2.7
	- faux-custom-entity-data 6.0.1
	- fbp 20.1.6.0
	- featurerecycler 1.0.0
	- ferritecore 6.0.1
	- forgeconfigapiport 8.0.3
	- formations 1.0.4
	- formationsnether 1.0.5
	- formationsoverworld 1.0.5
	- framework 0.8.0
	   \-- org_javassist_javassist 3.29.2-GA
	- friendsandfoes 3.0.9
	   \-- reach-entity-attributes 2.4.0
	- fullstackwatchdog 1.0.1+1.19.2-fabric
	- fzzy_config 0.7.6+1.20.1
	   |-- blue_endless_jankson 1.2.3
	   |-- fabric-permissions-api-v0 0.3.1
	   \-- net_peanuuutz_tomlkt_tomlkt-jvm 0.3.7
	- gaboulibs 1.9
	- geckolib 4.8.4
	   \-- com_eliotlash_mclib_mclib 20
	- geophilic 3.6
	- glitchcore 0.0.1.1
	   \-- net_jodah_typetools 0.6.3
	- goblintraders 1.9.3
	- gpumemleakfix 1.20.1-1.8
	- grapplemod 1.99.0+1.20.1.beta.fabric
	- graveyard 3.0
	- guardvillagers 2.0.9-1.20.1
	- handcrafted 3.0.6
	- hearth_and_home 1.20.1-2.0.3
	- hearths 1.0.5
	- heracles 1.1.13
	   \-- hermes 1.6.0
	- hybrid_aquatic 1.6.9
	   \-- reach-entity-attributes 2.4.0
	- iceandfire 1.2.7
	   \-- here-be-no-dragons 1.0.0
	- iceberg 1.1.25
	- ichunutil 1.0.3
	- ijmtweaks 1.4.0+1.20
	- illagerinvasion 8.0.7
	   \-- extensibleenums 7.0.1
	- immediatelyfast 1.5.5+1.20.4
	   \-- net_lenni0451_reflect 1.6.2
	- immersivelanterns 1.0.4
	- immersivemessages 1.0.18
	   \-- mm 2.3
	- immersivetips 1.0.1
	   \-- mm 2.3
	- improved_village_placement 1.1.2
	- indium 1.0.36+mc1.20.1
	- iris 1.7.6+mc1.20.1
	   |-- io_github_douira_glsl-transformer 2.0.1
	   |-- org_anarres_jcpp 1.4.14
	   \-- org_antlr_antlr4-runtime 4.13.1
	- itemfilters 2001.1.0-build.53
	- itemphysic 1.8.13
	- jade 11.13.3+fabric
	- jamlib 1.3.6+1.20.1-patch.1
	   \-- blue_endless_jankson 1.2.3
	- java 17
	- jupiter 2.3.7
	- kambrik 6.1.1+1.20.1
	- keybind_fix 1.0.0
	- kiwi 11.10.3+fabric
	- konkrete 1.8.1
	- krypton 0.2.3
	   \-- com_velocitypowered_velocity-native 3.2.0-SNAPSHOT
	- languagereload 1.7.5+1.20.1
	- leavesbegone 8.0.0
	- letmedespawn 1.5.0
	- libz 1.0.3
	   |-- com_fasterxml_jackson_core_jackson-annotations 2.15.2
	   |-- com_fasterxml_jackson_core_jackson-core 2.15.2
	   \-- com_fasterxml_jackson_core_jackson-databind 2.15.2
	- lithium 0.11.4
	- lithostitched 1.4.11
	- lmft 1.1.1+1.21.9
	- logbegone 1.0.8
	- longnbtkiller Fabric-1.20.1-1.0.0
	- lootr 0.7.35.86
	- magnumtorch 8.0.2
	- majruszlibrary 7.0.8
	- majruszsdifficulty 1.9.10
	- mcqoy 0.4.1+fabric-1.20
	   \-- folk_sisby_kaleido-config 0.3.3+1.3.2
	- melody 1.0.3
	- mes 2.0.3
	- midnightlib 1.9.3
	- mindfuldarkness 8.0.3
	- minecells 2.0.0
	   \-- gimm1q 0.7.9+1.20.1
	        \-- com_github_redempt_crunch 2.0.3
	- minecraft 1.20.1
	- miningspeedtooltips 1.0.0
	- misctweaks 1.2.9
	   \-- mixson 1.4.0.4
	- mixintrace 1.1.1+1.17
	- mns 3.0.0
	- mobplaques 8.0.1
	- mobs_of_mythology 3.0.0
	- mobsunscreen 3.1.0
	- modernfix 5.25.2+mc1.20.1
	- modmenu 7.2.2
	- moogs_structures 3.1.2
	- moonlight 1.20-2.16.34
	- more_spawners 1.1.0
	- morebows 1.0.11+1.20.x
	- mousetweaks 2.26
	- mr_craftable_campfire 1.0
	- mr_craftable_qss 2.5
	- mr_farmersdelight_notreepunchingpot 1.0-fabric
	- mr_iceandfire_smithing 1.20.1
	- mr_no_f3 4
	- mr_spawn_animationscompats 17.0
	- mru 1.0.33+1.20.1
	- mutantmonsters 8.0.8
	   \-- extensibleenums 7.0.1
	- mvs 5.1.0
	- mynethersdelight 1.20.1-1.0.5+1.7.6.refabricated
	- mythicmounts 1.20.1-7.2
	- naturalist 5.0pre4
	- naturescompass 1.20.1-2.6.0-fabric
	- neruina 3.3.3
	   \-- org_kohsuke_github-api 2.0-rc.6
	- netherportalfix 13.0.2
	- neutral_animals 1.2.4
	- nicer-skies 1.3.0
	- nightconfigfixes 8.0.0
	- nochatreports 1.20.1-v2.2.3
	- noisium 2.3.0+mc1.20-1.20.1
	- noreportbutton 1.5.0
	- notenoughanimations 1.12.4
	   |-- transition 1.0.21
	   \-- trender 1.0.15
	- notreepunching 7.1.0
	- nyfsspiders 2.1.1
	- obscure_api 16
	- oceansdelight fdrf-fabric-1.0.2-1.20
	- overflowingbars 8.0.1
	- owo 0.11.2+1.20
	- packetfixer 3.3.2
	- particle_core 0.3.3+1.20.1
	   \-- conditional-mixin 0.5.1
	- particle_effects 1.5.0+1.20.1+fabric
	- patchouli 1.20.1-85-FABRIC
	   \-- fiber 0.23.0-2
	- paxi 1.20-Fabric-4.0
	- pehkui 3.8.3+1.14.4-1.21
	   \-- kanos_config 0.4.1+1.14.4-1.19.4
	- philipsruins 5.7
	- pickupnotifier 8.0.0
	- pingwheel 1.12.1
	- player-animator 1.0.2-rc1+1.20
	- polymer-bundled 0.5.20+1.20.1
	   |-- polymer-blocks 0.5.20+1.20.1
	   |-- polymer-common 0.5.20+1.20.1
	   |    \-- packet_tweaker 0.4.0+1.19.4
	   |-- polymer-core 0.5.20+1.20.1
	   |    |-- polymer-networking 0.5.20+1.20.1
	   |    |    \-- polymer-common 0.5.20+1.20.1
	   |    |         \-- packet_tweaker 0.4.0+1.19.4
	   |    \-- polymer-registry-sync-manipulator 0.5.20+1.20.1
	   |-- polymer-resource-pack 0.5.20+1.20.1
	   |    \-- polymer-common 0.5.20+1.20.1
	   |         \-- packet_tweaker 0.4.0+1.19.4
	   \-- polymer-virtual-entity 0.5.20+1.20.1
	        \-- polymer-common 0.5.20+1.20.1
	             \-- packet_tweaker 0.4.0+1.19.4
	- polymorph 0.49.10+1.20.1
	   \-- spectrelib 0.13.17+1.20.1
	- presencefootsteps 1.10.1+1.20.1
	   \-- kirin 1.15.6+1.20.1
	- puzzleslib 8.1.33
	   \-- puzzlesaccessapi 20.1.1
	- random-respawn 1.2.0+1.20.1
	- ranged_weapon_api 1.1.4+1.20.1
	- realistictorches 2.2
	- realpain 1.4.6+1.20.1
	- reeses-sodium-options 1.7.2+mc1.20.1-build.101
	- repurposed_structures 7.1.25+1.20.1-fabric
	- resourcefulconfig 2.1.3
	- resourcefullib 2.1.29
	   |-- com_teamresourceful_bytecodecs 1.0.2
	   \-- com_teamresourceful_yabn 1.0.3
	- resourcepackoverrides 8.0.3
	- rightclickharvest 4.6.1+1.20.1
	- ringsofascension 2.0.2
	- roguelike 2.1.0-1.20.1-fabric
	- roughly_enough_trades 1.0
	- roughlyenoughitems 12.1.785
	   \-- error_notifier 1.0.9
	- roughlyenoughprofessions 2.0.2
	- saintsdragons 0.9.5
	   \-- reach-entity-attributes 2.4.0
	- sawmill 1.20-1.4.11
	- scalingmobs 2.1.0
	- searchables 1.0.3
	- sereneseasons 9.1.0.3
	   \-- net_jodah_typetools 0.6.3
	- sereneseasonsplus 5.1.2
	   \-- net_jodah_typetools 0.6.3
	- simple_snowy_fix 2.1.5
	- simplyswords 1.70.2-1.20.1
	- simplytooltips 0.1.5-1.20.1
	- skeletonaifix 20.1.1
	- skillz 3.1.0
	- skinlayers3d 1.11.2
	   |-- transition 1.0.21
	   \-- trender 1.0.15
	- smartbrainlib 1.15
	- smarterfarmers 1.20-2.1.2
	- snowrealmagic 10.7.0
	- snowundertrees 2.5.4+1.20.1
	- snowyspirit 1.20-3.0.10
	- sodium 0.5.13+mc1.20.1
	- sodium-extra 0.5.9+mc1.20.1
	   \-- caffeineconfig 1.3.0+1.17
	- sodiumdynamiclights 1.0.9
	- sodiumextras 1.0.6
	- sodiumoptionsapi 1.0.10
	- sodiumoptionsmodcompat 1.0.0
	- sophisticatedbackpacks 1.20.1-3.23.4.5.110
	- sophisticatedcore 1.20.1-1.2.7.15.166
	   \-- team_reborn_energy 3.0.0
	- sophisticatedstorage 1.20.1-1.3.5.11.142
	   \-- noindium 1.1.0+1.20
	- sophisticatedstorageinmotion 1.20.1-0.10.5.1.37
	- soulsweapons 1.4.9-1.20.1-fabric
	- sound_physics_perfected 1.17.5
	   |-- com_moulberry_mixinconstraints 1.1.0
	   \-- mixinsquared 0.2.0
	- spark 1.10.53
	- spawn 1.0.3-fabric
	- spawnanimations 1.11.5+mod
	- spawners_plus 4.3.4-1.20.1
	- starlight 1.1.2+fabric.dbc156f
	- stoneworks 8.0.0
	- stonycliffs 1.1.2
	- structory 1.3.5
	- structory_towers 1.0.7
	- structure_layout_optimizer 1.0.11
	- stylisheffects 8.0.4
	- supplementaries 1.20-3.1.43
	- suppsquared 1.20-1.1.29
	- surveyor 1.2.4+1.20
	- surveystones 2.0.3+1.20
	- t_and_t 1.12
	- tabapi 1.2.5
	- tcdcommons 3.12.3.3+fabric-1.20.1
	- tclayer 3.8.1+beta.14
	- temperatureapi 1.2.0
	- terrablender 3.0.1.10
	- the_bumblezone $version
	   \-- noindium 1.1.0+1.20
	- tia 1.20-1.1
	- tiered 1.3.3
	   \-- reach-entity-attributes 2.4.0
	- tinyskeletons 8.0.1
	- toms_storage 1.7.1
	- toofast 1.2.0
	- toolstats 16.0.10
	- totw_modded fabric-1.20.1-1.0.5
	- towers 1.0.1
	- transparent 8.0.1+1.20.1
	- twigs 3.1.0
	- twilightforest 1.4.7
	   |-- com_google_code_findbugs_jsr305 3.0.2
	   |-- disable_custom_worlds_advice 4.1
	   |-- javax_annotation_javax_annotation-api 1.3.2
	   |-- mm 2.3
	   |-- porting_lib_model_builders 2.3.4+1.20.1
	   \-- porting_lib_registries 2.3.4+1.20.1
	- txnilib 1.0.24
	- ultralib 1.0.7+1.20.1
	- underlay 1.0.4-hotfix.1
	- unilib 1.2.1
	- universal_ores 1.5.2
	- uranus 2.2.6
	- veinmining 1.5.0+1.20.1
	- villagernames 8.5
	- villagersplus 4.0.0+mc1.20.1
	- villagertradingplus 1.0.0+mc1.20.1
	- villagesandpillages 1.0.2
	- visuality 0.7.1+1.20
	- visualworkbench 8.0.1
	- voicechat 1.20.1-2.6.22
	   \-- voicechat_api 2.6.20
	- voidtotem 3.0.1
	- voidz 1.0.11
	- waystones 14.1.20
	- xp_storage 1.5.7+1.20.1
	- xp_storage_trinkets 1.0+1.20.1
	- yet_another_config_lib_v3 3.6.6+1.20.1-fabric
	   |-- com_twelvemonkeys_common_common-image 3.12.0
	   |-- com_twelvemonkeys_common_common-io 3.12.0
	   |-- com_twelvemonkeys_common_common-lang 3.12.0
	   |-- com_twelvemonkeys_imageio_imageio-core 3.12.0
	   |-- com_twelvemonkeys_imageio_imageio-metadata 3.12.0
	   |-- com_twelvemonkeys_imageio_imageio-webp 3.12.0
	   |-- org_quiltmc_parsers_gson 0.2.1
	   \-- org_quiltmc_parsers_json 0.2.1
	- yigd 2.0.16
	   \-- libgui 8.1.1+1.20.1
	        |-- jankson 6.0.0+j1.2.3
	        \-- libninepatch 1.2.0
	- yungsapi 1.20-Fabric-4.0.6
	- yungsbridges 1.20-Fabric-4.0.3
	- yungsmenutweaks 1.20.1-Fabric-1.0.2
	- zoomify 2.15.2+1.20.1
	   \-- com_akuleshov7_ktoml-core-jvm 0.7.1
[20:44:56] [main/INFO]: Applying default files...
[20:44:56] [main/INFO]: SpongePowered MIXIN Subsystem Version=0.8.7 Source=file:/home/cristi/.deylauncher/libraries/net/fabricmc/sponge-mixin/0.17.4+mixin.0.8.7/sponge-mixin-0.17.4+mixin.0.8.7.jar Service=Knot/Fabric Env=CLIENT
[20:44:56] [main/INFO]: we're not in kansas anymore
[20:44:56] [main/INFO]: Config version: 6
[20:44:56] [main/INFO]: BadOptimizations config dump:
[20:44:56] [main/INFO]: enable_toast_optimizations: true
[20:44:56] [main/INFO]: ignore_mod_incompatibilities: false
[20:44:56] [main/INFO]: lightmap_time_change_needed_for_update: 80
[20:44:56] [main/INFO]: enable_lightmap_caching: true
[20:44:56] [main/INFO]: enable_particle_manager_optimization: true
[20:44:56] [main/INFO]: enable_entity_renderer_caching: true
[20:44:56] [main/INFO]: log_config: true
[20:44:56] [main/INFO]: enable_remove_redundant_fov_calculations: true
[20:44:56] [main/INFO]: config_version: 6
[20:44:56] [main/INFO]: enable_sky_angle_caching_in_worldrenderer: true
[20:44:56] [main/INFO]: enable_block_entity_renderer_caching: true
[20:44:56] [main/INFO]: skycolor_time_change_needed_for_update: 3
[20:44:56] [main/INFO]: enable_entity_flag_caching: true
[20:44:56] [main/INFO]: ignore_mod_cache_hooks: false
[20:44:56] [main/INFO]: enable_debug_renderer_disable_if_not_needed: true
[20:44:56] [main/INFO]: enable_sky_color_caching: true
[20:44:56] [main/INFO]: enable_remove_tutorial_if_not_demo: true
[20:44:56] [main/INFO]: show_f3_text: true
[20:44:56] [main/INFO]: Disabling enable_entity_renderer_caching because mod "twilightforest" is incompatible with it (built-in)
[20:44:56] [main/WARN]: Reference map 'chunksfadein.refmap.json' for chunksfadein_mc.mixins.json could not be read. If this is a development environment you can ignore this message
[20:44:56] [main/WARN]: Reference map 'chunksfadein.refmap.json' for chunksfadein_sodium.mixins.json could not be read. If this is a development environment you can ignore this message
[20:44:56] [main/WARN]: Reference map 'chunksfadein.refmap.json' for chunksfadein_iris.mixins.json could not be read. If this is a development environment you can ignore this message
[20:44:56] [main/WARN]: Reference map 'chunksfadein.refmap.json' for chunksfadein_dh.mixins.json could not be read. If this is a development environment you can ignore this message
[20:44:56] [main/WARN]: Reference map 'climaterivers.fabric.refmap.json' for climaterivers.fabric.mixins.json could not be read. If this is a development environment you can ignore this message
[20:44:56] [main/WARN]: Reference map 'coroutil.refmap.json' for coroutil_fabric.mixins.json could not be read. If this is a development environment you can ignore this message
[20:44:56] [main/INFO]: Preloading Debugify
[20:44:56] [main/INFO]: [Fabrication] Reloading configs...
[20:44:56] [main/INFO]: [Fabrication] Loading of features.ini done in 10.24 ms with 0 warnings
[20:44:56] [main/WARN]: Reference map 'farmersdelight.refmap.json' for farmersdelight.mixins.json could not be read. If this is a development environment you can ignore this message
[20:44:56] [main/WARN]: Reference map 'fastitemframes.fabric.refmap.json' for fastitemframes.fabric.mixins.json could not be read. If this is a development environment you can ignore this message
[20:44:56] [main/WARN]: Reference map 'fbp.refmap.json' for fbp.mixins.json could not be read. If this is a development environment you can ignore this message
[20:44:56] [main/WARN]: Reference map 'formationsnether.mixins.refmap.json' for formationsnether.mixins.json could not be read. If this is a development environment you can ignore this message
[20:44:56] [main/WARN]: Reference map 'formationsoverworld.mixins.refmap.json' for formationsoverworld.mixins.json could not be read. If this is a development environment you can ignore this message
[20:44:56] [main/WARN]: Reference map 'graveyard-FABRIC-fabric-refmap.json' for graveyard-fabric.mixins.json could not be read. If this is a development environment you can ignore this message
[20:44:56] [main/WARN]: Reference map 'lib39-deferral-refmap.json' for lib39-deferral.mixins.json could not be read. If this is a development environment you can ignore this message
[20:44:56] [main/INFO]: Loaded configuration file for Lithium: 131 options available, 5 override(s) found
[20:44:56] [main/INFO]: Started MM (shedaniel's fork) at me/shedaniel/gen/mixin/
[20:44:56] [main/WARN]: Reference map 'Manningham Mills-refmap.json' for mixins.mm_shedaniel.json could not be read. If this is a development environment you can ignore this message
[20:44:56] [main/INFO]: Loaded configuration file for ModernFix 5.25.2+mc1.20.1: 71 options available, 0 override(s) found
[20:44:56] [main/INFO]: Applying Nashorn fix
[20:44:56] [main/INFO]: Configuring Minecraft's max.bg.threads option with 21 threads
[20:44:56] [main/WARN]: Reference map 'mynethersdelight.refmap.json' for mynethersdelight.mixins.json could not be read. If this is a development environment you can ignore this message
[20:44:56] [main/WARN]: Reference map 'mythic-mounts-refmap.json' for mythic-mounts.mixins.json could not be read. If this is a development environment you can ignore this message
[20:44:56] [main/WARN]: Reference map 'nitrogen_internals-refmap.json' for nitrogen_internals.mixins.json could not be read. If this is a development environment you can ignore this message
[20:44:56] [main/WARN]: Reference map 'oceansdelight-refmap.json' for oceansdelight.mixins.json could not be read. If this is a development environment you can ignore this message
[20:44:56] [main/INFO]: Packet Fixer fabric 1.19.3-1.20.1 has been applied successfully.
[20:44:56] [main/WARN]: Reference map 'particle_effects.refmap.json' for particle_effects.mixins.json could not be read. If this is a development environment you can ignore this message
[20:44:56] [main/WARN]: Reference map 'particle_effects.refmap.json' for particle_effects-inventory_particles.mixins.json could not be read. If this is a development environment you can ignore this message
[20:44:56] [main/WARN]: Reference map 'puzzlesaccessapi.common.refmap.json' for puzzlesaccessapi.common.mixins.json could not be read. If this is a development environment you can ignore this message
[20:44:56] [main/WARN]: Reference map 'puzzlesaccessapi.fabric.refmap.json' for puzzlesaccessapi.fabric.mixins.json could not be read. If this is a development environment you can ignore this message
[20:44:56] [main/WARN]: Reference map 'repurposed_structures.refmap.json' for repurposed_structures-fabric.mixins.json could not be read. If this is a development environment you can ignore this message
[20:44:56] [main/WARN]: Reference map 'repurposed_structures.refmap.json' for repurposed_structures-common.mixins.json could not be read. If this is a development environment you can ignore this message
[20:44:56] [main/WARN]: [Satin] Iris is present, custom block renders will not work
[20:44:56] [main/WARN]: Reference map 'skeletonaifix.common.refmap.json' for skeletonaifix.common.mixins.json could not be read. If this is a development environment you can ignore this message
[20:44:56] [main/WARN]: Reference map 'skeletonaifix.fabric.refmap.json' for skeletonaifix.fabric.mixins.json could not be read. If this is a development environment you can ignore this message
[20:44:56] [main/INFO]: Loaded configuration file for Sodium: 42 options available, 3 override(s) found
[20:44:56] [main/INFO]: Loaded configuration file for Sodium Extra: 35 options available, 0 override(s) found
[20:44:56] [main/WARN]: Reference map 'structure_layout_optimizer.refmap.json' for structure_layout_optimizer.mixins.json could not be read. If this is a development environment you can ignore this message
[20:44:56] [main/WARN]: Error loading class: io/vram/frex/base/renderer/context/render/EntityBlockRenderContext (java.lang.ClassNotFoundException: io/vram/frex/base/renderer/context/render/EntityBlockRenderContext)
[20:44:56] [main/WARN]: @Mixin target io.vram.frex.base.renderer.context.render.EntityBlockRenderContext was not found porting_lib_base.mixins.json:client.frex.EntityBlockRenderContextMixin from mod porting_lib_base
[20:44:57] [main/WARN]: Blacklisted mixin svenhjol.charm.mixin.pigs_find_mushrooms.PigMixin
[20:44:57] [main/WARN]: Blacklisted mixin svenhjol.charm.mixin.pigs_find_mushrooms.PigModelMixin
[20:44:57] [main/WARN]: Error loading class: com/seibel/distanthorizons/common/render/openGl/GlDhMetaRenderer_fabric (java.lang.ClassNotFoundException: com/seibel/distanthorizons/common/render/openGl/GlDhMetaRenderer_fabric)
[20:44:57] [main/WARN]: @Mixin target com.seibel.distanthorizons.common.render.openGl.GlDhMetaRenderer_fabric was not found chunksfadein_dh.mixins.json:iris.IrisGlDhMetaRendererMixin_fabric from mod chunksfadein
[20:44:57] [main/WARN]: Error loading class: com/seibel/distanthorizons/common/render/openGl/GlDhMetaRenderer_forge (java.lang.ClassNotFoundException: com/seibel/distanthorizons/common/render/openGl/GlDhMetaRenderer_forge)
[20:44:57] [main/WARN]: @Mixin target com.seibel.distanthorizons.common.render.openGl.GlDhMetaRenderer_forge was not found chunksfadein_dh.mixins.json:iris.IrisGlDhMetaRendererMixin_forge from mod chunksfadein
[20:44:57] [main/WARN]: Error loading class: com/seibel/distanthorizons/core/dataObjects/render/bufferBuilding/LodBufferContainer (java.lang.ClassNotFoundException: com/seibel/distanthorizons/core/dataObjects/render/bufferBuilding/LodBufferContainer)
[20:44:57] [main/WARN]: @Mixin target com.seibel.distanthorizons.core.dataObjects.render.bufferBuilding.LodBufferContainer was not found chunksfadein_dh.mixins.json:iris.IrisLodBufferContainerMixin from mod chunksfadein
[20:44:57] [main/WARN]: Error loading class: com/seibel/distanthorizons/core/render/renderer/LodRenderer (java.lang.ClassNotFoundException: com/seibel/distanthorizons/core/render/renderer/LodRenderer)
[20:44:57] [main/WARN]: @Mixin target com.seibel.distanthorizons.core.render.renderer.LodRenderer was not found chunksfadein_dh.mixins.json:iris.IrisLodRendererMixin from mod chunksfadein
[20:44:57] [main/WARN]: Error loading class: me/jellysquid/mods/sodium/client/model/quad/blender/LinearColorBlender (java.lang.ClassNotFoundException: me/jellysquid/mods/sodium/client/model/quad/blender/LinearColorBlender)
[20:44:57] [main/WARN]: Force disabled MC-121772 because it only applies to OS: MAC
[20:44:57] [main/WARN]: Force disabled MC-176559 because it's conflicting with: fabric-api
[20:44:57] [main/WARN]: Force disabled MC-22882 because it only applies to OS: MAC
[20:44:57] [main/WARN]: Error loading class: dev/ftb/mods/ftbchunks/data/ClaimedChunkManagerImpl (java.lang.ClassNotFoundException: dev/ftb/mods/ftbchunks/data/ClaimedChunkManagerImpl)
[20:44:57] [main/WARN]: @Mixin target dev.ftb.mods.ftbchunks.data.ClaimedChunkManagerImpl was not found mixins.does_it_tick.json:ClaimedChunkManagerAccessor from mod does_it_tick
[20:44:57] [main/INFO]: TimeCommandMixin is enabled, overwriting vanilla time command behavior.
[20:44:57] [main/INFO]: Loading Faster Random.
[20:44:57] [main/WARN]: Force-disabling mixin 'ai.task.memory_change_counting.BrainMixin' as rule 'mixin.ai.task.memory_change_counting' (added by mods [smartbrainlib]) disables it and children
[20:44:57] [main/WARN]: Force-disabling mixin 'ai.task.memory_change_counting.MultiTickTaskMixin' as rule 'mixin.ai.task.memory_change_counting' (added by mods [smartbrainlib]) disables it and children
[20:44:57] [main/WARN]: Force-disabling mixin 'alloc.blockstate.StateMixin' as rule 'mixin.alloc.blockstate' (added by mods [ferritecore]) disables it and children
[20:44:57] [main/WARN]: Force-disabling mixin 'block.moving_block_shapes.PistonBlockEntityMixin' as rule 'mixin.block.moving_block_shapes' (added by mods [supplementaries]) disables it and children
[20:44:57] [main/WARN]: Force-disabling mixin 'block.moving_block_shapes.VoxelShapeMixin' as rule 'mixin.block.moving_block_shapes' (added by mods [supplementaries]) disables it and children
[20:44:57] [main/WARN]: Force-disabling mixin 'world.player_chunk_tick.ThreadedAnvilChunkStorageMixin' as rule 'mixin.world.player_chunk_tick' (added by mods [krypton]) disables it and children
[20:44:57] [main/WARN]: Error loading class: net/minecraft/class_3494$class_3495 (java.lang.ClassNotFoundException: net/minecraft/class_3494$class_3495)
[20:44:57] [main/WARN]: Error loading class: dev/tr7zw/firstperson/modsupport/PlayerAnimatorSupport (java.lang.ClassNotFoundException: dev/tr7zw/firstperson/modsupport/PlayerAnimatorSupport)
[20:44:57] [main/WARN]: Error loading class: fr/catcore/server/translations/api/resource/language/SystemDelegatedLanguage (java.lang.ClassNotFoundException: fr/catcore/server/translations/api/resource/language/SystemDelegatedLanguage)
[20:44:57] [main/WARN]: Error loading class: net/bettercombat/network/ServerNetwork (java.lang.ClassNotFoundException: net/bettercombat/network/ServerNetwork)
[20:44:57] [main/WARN]: Error loading class: net/spell_engine/client/input/SpellHotbar (java.lang.ClassNotFoundException: net/spell_engine/client/input/SpellHotbar)
[20:44:57] [main/WARN]: Force-disabling mixin 'features.render.entity.CuboidMixin' as rule 'mixin.features.render.entity' (added by mods [iris]) disables it and children
[20:44:57] [main/WARN]: Force-disabling mixin 'features.render.entity.ModelPartMixin' as rule 'mixin.features.render.entity' (added by mods [iris]) disables it and children
[20:44:57] [main/WARN]: Force-disabling mixin 'features.render.entity.cull.EntityRendererMixin' as rule 'mixin.features.render.entity' (added by mods [iris]) disables it and children
[20:44:57] [main/WARN]: Force-disabling mixin 'features.render.entity.shadows.EntityRenderDispatcherMixin' as rule 'mixin.features.render.entity' (added by mods [iris]) disables it and children
[20:44:57] [main/WARN]: Force-disabling mixin 'features.render.gui.font.GlyphRendererMixin' as rule 'mixin.features.render.gui.font' (added by mods [iris]) disables it and children
[20:44:57] [main/WARN]: Force-disabling mixin 'features.render.world.sky.BackgroundRendererMixin' as rule 'mixin.features.render.world.sky' (added by mods [iris]) disables it and children
[20:44:57] [main/WARN]: Force-disabling mixin 'features.render.world.sky.ClientWorldMixin' as rule 'mixin.features.render.world.sky' (added by mods [iris]) disables it and children
[20:44:57] [main/WARN]: Force-disabling mixin 'features.render.world.sky.WorldRendererMixin' as rule 'mixin.features.render.world.sky' (added by mods [iris]) disables it and children
[20:44:57] [main/WARN]: Error loading class: net/caffeinemc/mods/sodium/client/model/light/data/ArrayLightDataCache (java.lang.ClassNotFoundException: net/caffeinemc/mods/sodium/client/model/light/data/ArrayLightDataCache)
[20:44:57] [main/WARN]: Error loading class: net/caffeinemc/mods/sodium/client/model/light/flat/FlatLightPipeline (java.lang.ClassNotFoundException: net/caffeinemc/mods/sodium/client/model/light/flat/FlatLightPipeline)
[20:44:57] [main/WARN]: Error loading class: net/caffeinemc/mods/sodium/client/model/light/data/LightDataAccess (java.lang.ClassNotFoundException: net/caffeinemc/mods/sodium/client/model/light/data/LightDataAccess)
[20:44:57] [main/WARN]: Error loading class: eu/midnightdust/lib/config/MidnightConfig$MidnightConfigScreen (java.lang.ClassNotFoundException: eu/midnightdust/lib/config/MidnightConfig$MidnightConfigScreen)
[20:44:57] [main/WARN]: @Mixin target eu.midnightdust.lib.config.MidnightConfig$MidnightConfigScreen was not found the_bumblezone-fabric-base.mixins.json:mods.MidnightConfigScreenMixin from mod the_bumblezone
[20:44:57] [main/WARN]: Error loading class: com/sk89q/worldedit/function/block/BlockReplace (java.lang.ClassNotFoundException: com/sk89q/worldedit/function/block/BlockReplace)
[20:44:57] [main/WARN]: Error loading class: com/sk89q/worldedit/extent/ChangeSetExtent (java.lang.ClassNotFoundException: com/sk89q/worldedit/extent/ChangeSetExtent)
[20:44:57] [main/WARN]: Error loading class: com/sk89q/worldedit/function/block/ExtentBlockCopy (java.lang.ClassNotFoundException: com/sk89q/worldedit/function/block/ExtentBlockCopy)
[20:44:57] [main/WARN]: Error loading class: com/beansgalaxy/backpacks/compat/TrinketsRegistry$1 (java.lang.ClassNotFoundException: com/beansgalaxy/backpacks/compat/TrinketsRegistry$1)
[20:44:57] [main/WARN]: Error loading class: io/github/apace100/apoli/power/KeepInventoryPower (java.lang.ClassNotFoundException: io/github/apace100/apoli/power/KeepInventoryPower)
[20:44:58] [main/WARN]: Error loading class: svenhjol/charm/module/clear_item_frames/ClearItemFrames (java.lang.ClassNotFoundException: svenhjol/charm/module/clear_item_frames/ClearItemFrames)
[20:44:58] [main/WARN]: @Mixin target svenhjol.charm.module.clear_item_frames.ClearItemFrames was not found fabrication.mixins.json:a_fixes.fix_charm_amethyst_dupe.MixinClearItemFrames from mod fabrication
[20:44:58] [main/INFO]: Searching for graphics cards...
[20:44:58] [main/INFO]: Found graphics adapter: LinuxPciAdapterInfo[vendor=NVIDIA, name=AD104 [GeForce RTX 4070], pciVendorId=0x10de, pciDeviceId=0x2786]
[20:44:58] [main/INFO]: Found graphics adapter: LinuxPciAdapterInfo[vendor=AMD, name=Raphael, pciVendorId=0x1002, pciDeviceId=0x164e]
[20:44:58] [main/WARN]: Sodium has applied one or more workarounds to prevent crashes or other issues on your system: [NVIDIA_THREADED_OPTIMIZATIONS_BROKEN, NO_ERROR_CONTEXT_UNSUPPORTED]
[20:44:58] [main/WARN]: This is not necessarily an issue, but it may result in certain features or optimizations being disabled. You can sometimes fix these issues by upgrading your graphics driver.
[20:44:58] [main/INFO]: Initializing MixinExtras via com.llamalad7.mixinextras.service.MixinExtrasServiceImpl(version=0.5.5).
[20:44:58] [main/WARN]: EuphoriaPatcher: [UPDATE CHECKER] A new version of the EuphoriaPatcher Mod is available: 1.10.5
[20:44:58] [main/WARN]: EuphoriaPatcher: [UPDATE CHECKER] Download it from Modrinth: https://euphoriapatches.com/download
[20:44:58] [main/WARN]: EuphoriaPatcher: [UPDATE CHECKER] Current Version: 1.9.3
[20:44:58] [main/INFO]: EuphoriaPatcher: Refactoring legacy code... one historical document at a time.
[20:44:58] [main/INFO]: EuphoriaPatcher: EuphoriaPatches_1.9.3 is already installed.
[20:44:59] [main/INFO]: Mixing client.MixinMinecraft from mixins/common/nochatreports.mixins.json into net.minecraft.class_310
[20:44:59] [main/INFO]: Mixing client.MixinMinecraft from mixins/fabric/nochatreports-fabric.mixins.json into net.minecraft.class_310
[20:44:59] [main/WARN]: @ModifyVariable(@At("INVOKE")) Shift.BY=2 on accessories-fabric.mixins.json:LivingEntityMixin from mod accessories::localvar$zij000$accessories$adjustLooting exceeds the maximum allowed value: 0. Increase the value of maxShiftBy to suppress this warning.
[20:44:59] [main/INFO]: Mixing client.MixinTitleScreen from mixins/common/nochatreports.mixins.json into net.minecraft.class_442
[20:44:59] [main/INFO]: Mixing client.MixinChatScreen from mixins/common/nochatreports.mixins.json into net.minecraft.class_408
[20:44:59] [main/INFO]: Renaming synthetic method lambda$onInit$4()Lnet/minecraft/class_2561; to md8252d6$nochatreports$lambda$onInit$4$1 in mixins/common/nochatreports.mixins.json:client.MixinChatScreen from mod nochatreports
[20:44:59] [main/INFO]: Renaming synthetic method lambda$onInit$3(Lnet/minecraft/class_4185;)V to md8252d6$nochatreports$lambda$onInit$3$2 in mixins/common/nochatreports.mixins.json:client.MixinChatScreen from mod nochatreports
[20:44:59] [main/INFO]: Renaming synthetic method lambda$onInit$2()Lnet/minecraft/class_2561; to md8252d6$nochatreports$lambda$onInit$2$3 in mixins/common/nochatreports.mixins.json:client.MixinChatScreen from mod nochatreports
[20:44:59] [main/INFO]: Renaming synthetic method lambda$onInit$1(Lnet/minecraft/class_4185;)V to md8252d6$nochatreports$lambda$onInit$1$4 in mixins/common/nochatreports.mixins.json:client.MixinChatScreen from mod nochatreports
[20:44:59] [main/INFO]: Renaming synthetic method lambda$onBeforeMessage$0(Ljava/lang/String;Lorg/spongepowered/asm/mixin/injection/callback/CallbackInfoReturnable;Lcom/aizistral/nochatreports/common/encryption/Encryptor;)V to md8252d6$nochatreports$lambda$onBeforeMessage$0$5 in mixins/common/nochatreports.mixins.json:client.MixinChatScreen from mod nochatreports
[20:44:59] [main/WARN]: Method overwrite conflict for getEntityManager in champions.client.mixins.json:ClientWorldAccessor from mod champions, previously written by me.jellysquid.mods.lithium.mixin.chunk.entity_class_groups.ClientWorldMixin. Skipping method.
[20:44:59] [main/WARN]: Method overwrite conflict for getEntityManager in spark.mixins.json:ClientWorldAccessor from mod spark, previously written by me.jellysquid.mods.lithium.mixin.chunk.entity_class_groups.ClientWorldMixin. Skipping method.
[20:44:59] [main/INFO]: Mixing common.MixinFriendlyByteBuf from mixins/common/nochatreports.mixins.json into net.minecraft.class_2540
[20:44:59] [main/INFO]: Renaming synthetic method lambda$onWriteJsonWithCodec$1(Ljava/lang/Object;Ljava/lang/String;)Lio/netty/handler/codec/EncoderException; to md8252d6$nochatreports$lambda$onWriteJsonWithCodec$1$0 in mixins/common/nochatreports.mixins.json:common.MixinFriendlyByteBuf from mod nochatreports
[20:44:59] [main/INFO]: Renaming synthetic method lambda$onReadJsonWithCodec$0(Ljava/lang/String;)Lio/netty/handler/codec/DecoderException; to md8252d6$nochatreports$lambda$onReadJsonWithCodec$0$1 in mixins/common/nochatreports.mixins.json:common.MixinFriendlyByteBuf from mod nochatreports
[20:45:00] [main/INFO]: Injecting BlockStateBase cache population hook into getOpacityIfCached from ca.spottedleaf.starlight.mixin.common.blockstate.BlockStateBaseMixin
[20:45:00] [main/INFO]: Injecting BlockStateBase cache population hook into getNeighborPathNodeType from me.jellysquid.mods.lithium.mixin.ai.pathing.AbstractBlockStateMixin
[20:45:00] [main/INFO]: Injecting BlockStateBase cache population hook into getPathNodeType from me.jellysquid.mods.lithium.mixin.ai.pathing.AbstractBlockStateMixin
[20:45:00] [main/INFO]: Injecting BlockStateBase cache population hook into isConditionallyFullOpaque from ca.spottedleaf.starlight.mixin.common.blockstate.BlockStateBaseMixin
[20:45:00] [main/INFO]: Injecting BlockStateBase cache population hook into getAllFlags from me.jellysquid.mods.lithium.mixin.util.block_tracking.AbstractBlockStateMixin
[20:45:00] [main/INFO]: [Fabrication] FabInjector found a Redirect from svenhjol.charmony.mixin.variant_pistons.PistonMovingBlockEntityMixin;redirect$dao002$charmony$redirectBlockStateChecks; which has been added to net/minecraft/class_2669;fabrication$launchPlayer
[20:45:00] [main/INFO]: [Fabrication] FabInjector found a Redirect from svenhjol.charmony.mixin.variant_pistons.PistonMovingBlockEntityMixin;redirect$dao001$charmony$redirectStaticBlockStateChecks; which has been added to net/minecraft/class_2669;fabrication$launchPlayer
[20:45:00] [main/WARN]: Method overwrite conflict for compatSync in environmentz.mixins.json:ServerPlayerEntityMixin from mod environmentz, previously written by net.dehydration.mixin.ServerPlayerEntityMixin. Skipping method.
[20:45:00] [main/INFO]: [Fabrication] FabInjector found a Redirect from svenhjol.charm.mixin.extra_stackables.PotionItemMixin;redirect$cnl000$charm$hookGetInventory; which has been added to net/minecraft/class_1812;fabrication$bottledAir
[20:45:00] [main/WARN]: [Fabrication] FabInjector failed to find injection point for net/minecraft/class_1812;method_7861(Lnet/minecraft/class_1799;Lnet/minecraft/class_1937;Lnet/minecraft/class_1309;)Lnet/minecraft/class_1799;	Lnet/minecraft/class_1661;method_7394(Lnet/minecraft/class_1799;)Z
 may have been caused by another mods Redirect, assuming fixed
[20:45:00] [main/WARN]: Method overwrite conflict for method_5825 in fabrication.mixins.json:c_tweaks.tridents_in_void_return.MixinTridentEntity from mod fabrication, previously written by fuzs.bettertridents.mixin.ThrownTridentMixin. Skipping method.
[20:45:01] [main/INFO]: Mixing server.MixinServerGamePacketListenerImpl from mixins/common/nochatreports.mixins.json into net.minecraft.class_3244
[20:45:01] [main/INFO]: Loaded config misctweaks:config in 292ms
[20:45:01] [main/WARN]: @Inject(@At("INVOKE")) Shift.BY=2 on accessories-common.mixins.json:NbtCompoundMixin from mod accessories::handler$zjf000$accessories$adjustCheckForListVariants exceeds the maximum allowed value: 0. Increase the value of maxShiftBy to suppress this warning.
[20:45:01] [main/WARN]: Static binding violation: PRIVATE @Overwrite method method_21740 in modernfix-common.mixins.json:perf.remove_biome_temperature_cache.BiomeMixin from mod modernfix cannot reduce visibiliy of PUBLIC target method, visibility will be upgraded.
[20:45:01] [main/WARN]: Method overwrite conflict for method_21740 in modernfix-common.mixins.json:perf.remove_biome_temperature_cache.BiomeMixin from mod modernfix, previously written by me.jellysquid.mods.lithium.mixin.world.temperature_cache.BiomeMixin. Skipping method.
[20:45:02] [main/INFO]: Vanilla bootstrap took 2386 milliseconds
[20:45:02] [main/INFO]: [bclib] Added Config betternether.main to auto sync (file hash)
[20:45:02] [main/INFO]: [bclib] Added Config betternether.generator to auto sync (file hash)
[20:45:02] [main/INFO]: [bclib] Added Config betternether.blocks to auto sync (file hash)
[20:45:02] [main/INFO]: [bclib] Added Config betternether.items to auto sync (file hash)
[20:45:02] [main/INFO]: [bclib] Added Config betternether.biomes to auto sync (file hash)
[20:45:02] [main/INFO]: [bclib] Added Config betternether.mobs to auto sync (file hash)
[20:45:02] [main/INFO]: [bclib] Added Config betternether.recipes to auto sync (file hash)
[20:45:02] [main/WARN]: [bclib] Recipe betternether:bone_block_bone_button only takes in a single item and should be shapeless
[20:45:02] [Render thread/INFO]: Environment: authHost='https://authserver.mojang.com', accountsHost='https://api.mojang.com', sessionHost='https://sessionserver.mojang.com', servicesHost='https://api.minecraftservices.com', name='PROD'
[20:45:02] [Render thread/INFO]: Mixing client.MixinYggdrasilUserApiService from mixins/common/nochatreports.mixins.json into com.mojang.authlib.yggdrasil.YggdrasilUserApiService
[20:45:02] [Render thread/ERROR]: Failed to verify authentication
com.mojang.authlib.exceptions.InvalidCredentialsException: Status: 401
	at com.mojang.authlib.exceptions.MinecraftClientHttpException.toAuthenticationException(MinecraftClientHttpException.java:56) ~[authlib-4.0.43.jar:?]
	at com.mojang.authlib.yggdrasil.YggdrasilUserApiService.fetchProperties(YggdrasilUserApiService.java:156) ~[authlib-4.0.43.jar:?]
	at com.mojang.authlib.yggdrasil.YggdrasilUserApiService.<init>(YggdrasilUserApiService.java:55) ~[authlib-4.0.43.jar:?]
	at com.mojang.authlib.yggdrasil.YggdrasilAuthenticationService.createUserApiService(YggdrasilAuthenticationService.java:124) ~[authlib-4.0.43.jar:?]
	at net.minecraft.class_310.method_31382(class_310.java:733) ~[client-intermediary.jar:?]
	at net.minecraft.class_310.<init>(class_310.java:442) ~[client-intermediary.jar:?]
	at net.minecraft.client.main.Main.main(Main.java:211) ~[fabric-loader-0.19.5-1.20.1.jar:?]
	at net.fabricmc.loader.impl.game.minecraft.MinecraftGameProvider.launch(MinecraftGameProvider.java:517) ~[fabric-loader-0.19.5.jar:?]
	at net.fabricmc.loader.impl.launch.knot.Knot.launch(Knot.java:72) ~[fabric-loader-0.19.5.jar:?]
	at net.fabricmc.loader.impl.launch.knot.KnotClient.main(KnotClient.java:23) ~[fabric-loader-0.19.5.jar:?]
Caused by: com.mojang.authlib.exceptions.MinecraftClientHttpException: Status: 401
	at com.mojang.authlib.minecraft.client.MinecraftClient.readInputStream(MinecraftClient.java:85) ~[authlib-4.0.43.jar:?]
	at com.mojang.authlib.minecraft.client.MinecraftClient.get(MinecraftClient.java:48) ~[authlib-4.0.43.jar:?]
	at com.mojang.authlib.yggdrasil.YggdrasilUserApiService.fetchProperties(YggdrasilUserApiService.java:129) ~[authlib-4.0.43.jar:?]
	... 8 more
[20:45:02] [Render thread/INFO]: Setting user: Deyronn
[20:45:02] [Render thread/INFO]: Bypassed Mojang DFU
[20:45:02] [Render thread/INFO]: Mixing client.MixinToastComponent from mixins/common/nochatreports.mixins.json into net.minecraft.class_374
[20:45:02] [Render thread/INFO]: Registered Trinkets Reloaded Listeners
[20:45:02] [Render thread/INFO]: Initializing platform helper for Advanced Netherite!
[20:45:03] [Render thread/INFO]: Mixing client.MixinClientPacketListener from mixins/common/nochatreports.mixins.json into net.minecraft.class_634
[20:45:03] [Render thread/INFO]: Mixing client.MixinJoinMultiplayerScreen from mixins/common/nochatreports.mixins.json into net.minecraft.class_500
[20:45:03] [Render thread/INFO]: Renaming synthetic method lambda$onInit$2()Lnet/minecraft/class_2561; to md8252d6$nochatreports$lambda$onInit$2$0 in mixins/common/nochatreports.mixins.json:client.MixinJoinMultiplayerScreen from mod nochatreports
[20:45:03] [Render thread/INFO]: Renaming synthetic method lambda$onInit$1(Lnet/minecraft/class_4185;)V to md8252d6$nochatreports$lambda$onInit$1$1 in mixins/common/nochatreports.mixins.json:client.MixinJoinMultiplayerScreen from mod nochatreports
[20:45:03] [Render thread/INFO]: Renaming synthetic method lambda$onInit$0(Lnet/minecraft/class_4185;)V to md8252d6$nochatreports$lambda$onInit$0$2 in mixins/common/nochatreports.mixins.json:client.MixinJoinMultiplayerScreen from mod nochatreports
[20:45:03] [Render thread/INFO]: Loaded config amendments-common.json
[20:45:03] [Render thread/INFO]: Loaded config amendments-client.json
[20:45:03] [Render thread/INFO]: Loaded config moonlight-client.json
[20:45:03] [Render thread/INFO]: [Animal Feeding Trough] Load Complete! Enjoy :D
[20:45:03] [Render thread/WARN]: Injection warning: LVT in net/minecraft/class_332::method_51435(Lnet/minecraft/class_327;Ljava/util/List;IILnet/minecraft/class_8000;)V has incompatible changes at opcode 205 in callback iceberg.mixins.json:GuiGraphicsMixin from mod iceberg->@Inject::storeLocalsOptifine(Lnet/minecraft/class_327;Ljava/util/List;IILnet/minecraft/class_8000;Lorg/spongepowered/asm/mixin/injection/callback/CallbackInfo;Ljava/lang/Object;IIIILorg/joml/Vector2ic;)V.
 Expected: [Ljava/lang/Object;, I, I, I, I, Lorg/joml/Vector2ic;]
    Found: [I, I, I, I, Lorg/joml/Vector2ic;]
Available: [I, I, I, I, Lorg/joml/Vector2ic;]
[20:45:03] [Render thread/WARN]: [Fabrication] FabInjector failed to find injection point for com/unascribed/fabrication/logic/CommandSourceInterfaceHack;method_9268(Ljava/lang/Iterable;Ljava/lang/String;Ljava/util/function/Function;Ljava/util/function/Consumer;)V	Ljava/lang/String;equals(Ljava/lang/Object;)Z
 located in com.unascribed.fabrication.logic.CommandSourceInterfaceHack
[20:45:03] [Render thread/WARN]: [Fabrication] ! Force-disabling *.lenient_command_suggestions
[20:45:03] [Render thread/INFO]: Registering C2S receiver with id artifacts:networking_channel/42a7ad70b1cc371599a0eff744096b8a
[20:45:03] [Render thread/INFO]: Registering S2C receiver with id artifacts:networking_channel/42a7ad70b1cc371599a0eff744096b8a
[20:45:03] [Render thread/INFO]: Registering C2S receiver with id artifacts:networking_channel/74a5e841822a3a87854ae896a33430d6
[20:45:03] [Render thread/INFO]: Registering S2C receiver with id artifacts:networking_channel/74a5e841822a3a87854ae896a33430d6
[20:45:03] [Render thread/INFO]: Registering C2S receiver with id artifacts:networking_channel/eb3d1e2748533430848cadf0f37c7e9c
[20:45:03] [Render thread/INFO]: Registering S2C receiver with id artifacts:networking_channel/eb3d1e2748533430848cadf0f37c7e9c
[20:45:03] [Render thread/INFO]: Registering C2S receiver with id artifacts:networking_channel/91c8520f19f93b3e8b6a727568e194ab
[20:45:03] [Render thread/INFO]: Registering S2C receiver with id artifacts:networking_channel/91c8520f19f93b3e8b6a727568e194ab
[20:45:03] [Render thread/INFO]: Registering C2S receiver with id artifacts:networking_channel/8c2784d778293fd482ed84b8aa5fedb9
[20:45:03] [Render thread/INFO]: Registering S2C receiver with id artifacts:networking_channel/8c2784d778293fd482ed84b8aa5fedb9
[20:45:03] [Render thread/INFO]: Registering C2S receiver with id artifacts:networking_channel/ea038224ea783d40b2863f52239e2604
[20:45:03] [Render thread/INFO]: Registering S2C receiver with id artifacts:networking_channel/ea038224ea783d40b2863f52239e2604
[20:45:03] [Render thread/INFO]: Registering C2S receiver with id artifacts:networking_channel/97ad64b7ecaf33209991c4f031501a58
[20:45:03] [Render thread/INFO]: Registering S2C receiver with id artifacts:networking_channel/97ad64b7ecaf33209991c4f031501a58
[20:45:03] [Render thread/INFO]: Registering Synced Attachment realpain:body for class net.minecraft.class_1657
[20:45:03] [Render thread/INFO]: we're back in kansas?
[20:45:03] [Render thread/WARN]: Correcting config value 'floatArray[0]' from '135.32' to '500.0'
[20:45:03] [Render thread/INFO]: Registered azurelib config for auto-sync function
[20:45:03] [Render thread/INFO]: Mod proxy balm:permissions resolved as net.blay09.mods.balm.fabric.compat.FabricPermissionsAPIIntegration@3f36477b
[20:45:03] [Render thread/INFO]: [bclib] Added Config bclib.generator to auto sync (file hash)
[20:45:03] [Render thread/INFO]: [bclib] Added Config bclib.main to auto sync (content diff)
[20:45:03] [Render thread/INFO]: [bclib] Added Config bclib.biomes to auto sync (file hash)
[20:45:03] [Render thread/INFO]: Reflections took 22 ms to scan 1 urls, producing 1 keys and 3 values
[20:45:03] [Render thread/INFO]: Reflections took 1 ms to scan 1 urls, producing 1 keys and 3 values
[20:45:03] [Render thread/INFO]: [bclib] Added Config betterend.entities to auto sync (file hash)
[20:45:03] [Render thread/INFO]: [bclib] Added Config betterend.blocks to auto sync (file hash)
[20:45:03] [Render thread/INFO]: [bclib] Added Config betterend.items to auto sync (file hash)
[20:45:03] [Render thread/INFO]: [bclib] Added Config betterend.biomes to auto sync (file hash)
[20:45:03] [Render thread/INFO]: [bclib] Added Config betterend.recipes to auto sync (file hash)
[20:45:03] [Render thread/INFO]: [bclib] Added Config betterend.enchantments to auto sync (file hash)
[20:45:03] [Render thread/INFO]: Hello Fabric world!
[20:45:03] [Render thread/INFO]: Reflections took 1 ms to scan 1 urls, producing 1 keys and 2 values
[20:45:03] [Render thread/INFO]: Reflections took 1 ms to scan 1 urls, producing 1 keys and 2 values
[20:45:03] [Render thread/INFO]: Reflections took 0 ms to scan 1 urls, producing 1 keys and 1 values
[20:45:03] [Render thread/INFO]: Reflections took 0 ms to scan 1 urls, producing 1 keys and 1 values
[20:45:03] [Render thread/INFO]: Reflections took 1 ms to scan 1 urls, producing 1 keys and 3 values
[20:45:03] [Render thread/INFO]: Reflections took 1 ms to scan 1 urls, producing 1 keys and 3 values
[20:45:03] [Render thread/INFO]: Reflections took 1 ms to scan 1 urls, producing 1 keys and 2 values
[20:45:03] [Render thread/INFO]: Reflections took 0 ms to scan 1 urls, producing 1 keys and 2 values
[20:45:03] [Render thread/INFO]: [betternether] =^..^=    BetterNether for 1.20    =^..^=
[20:45:04] [Render thread/INFO]: Reflections took 1 ms to scan 1 urls, producing 1 keys and 1 values
[20:45:04] [Render thread/INFO]: Reflections took 0 ms to scan 1 urls, producing 1 keys and 1 values
[20:45:04] [Render thread/INFO]: Reflections took 0 ms to scan 1 urls, producing 1 keys and 2 values
[20:45:04] [Render thread/INFO]: Reflections took 1 ms to scan 1 urls, producing 1 keys and 2 values
[20:45:04] [Render thread/INFO]: Constructing common components for bettertridents:main
[20:45:04] [Render thread/INFO]: Loading common config for bettertridents
[20:45:04] [Render thread/INFO]: Reflections took 0 ms to scan 1 urls, producing 1 keys and 1 values
[20:45:04] [Render thread/INFO]: Reflections took 0 ms to scan 1 urls, producing 1 keys and 1 values
[20:45:04] [Render thread/INFO]: Biolith for Fabric is initializing...
[20:45:04] [Render thread/INFO]: Enabling Biolith's TerraBlender compatibility layer.
[20:45:04] [Render thread/INFO]: Fixing MC-151457. Crafting remainder for minecraft:pufferfish_bucket is now minecraft:bucket.
[20:45:04] [Render thread/INFO]: Fixing MC-151457. Crafting remainder for minecraft:salmon_bucket is now minecraft:bucket.
[20:45:04] [Render thread/INFO]: Fixing MC-151457. Crafting remainder for minecraft:cod_bucket is now minecraft:bucket.
[20:45:04] [Render thread/INFO]: Fixing MC-151457. Crafting remainder for minecraft:tropical_fish_bucket is now minecraft:bucket.
[20:45:04] [Render thread/INFO]: Fixing MC-151457. Crafting remainder for minecraft:axolotl_bucket is now minecraft:bucket.
[20:45:04] [Render thread/INFO]: Fixing MC-151457. Crafting remainder for minecraft:powder_snow_bucket is now minecraft:bucket.
[20:45:04] [Render thread/INFO]: Fixing MC-151457. Crafting remainder for minecraft:tadpole_bucket is now minecraft:bucket.
[20:45:04] [Render thread/INFO]: Common init
[20:45:04] [Render thread/INFO]: Instantiating Mojang DFU
[20:45:04] [Render thread/ERROR]: No data fixer registered for bygonenether:netherite_bell
[20:45:04] [Render thread/INFO]: Loading champions...
[20:45:04] [Render thread/INFO]: Registering champions_common
[20:45:04] [Render thread/INFO]: Registering champions_affixes
[20:45:04] [Render thread/INFO]: Registered 15 champion affixes
[20:45:04] [Render thread/INFO]: [CommonLoader] 7 classes to load for class svenhjol.charmony.common.CommonLoader
[20:45:04] [Render thread/INFO]: [CommonLoader] Enabled Advancements
[20:45:04] [Render thread/INFO]: [CommonLoader] Enabled ColoredGlints
[20:45:04] [Render thread/INFO]: [CommonLoader] Enabled CustomWood
[20:45:04] [Render thread/INFO]: [CommonLoader] Enabled Diagnostics
[20:45:04] [Render thread/INFO]: [CommonLoader] Enabled Recipes
[20:45:04] [Render thread/INFO]: [CommonLoader] Enabled VariantPistons
[20:45:04] [Render thread/INFO]: [CommonLoader] Enabled VariantWood
[20:45:04] [Render thread/INFO]: [CommonLoader] Running Diagnostics
[20:45:04] [Render thread/INFO]: [CommonLoader] Running VariantWood
[20:45:04] [Render thread/INFO]: [CommonLoader] Running Advancements
[20:45:04] [Render thread/INFO]: [CommonLoader] Running ColoredGlints
[20:45:04] [Render thread/INFO]: [CommonLoader] Running CustomWood
[20:45:04] [Render thread/INFO]: [CommonLoader] Running Recipes
[20:45:04] [Render thread/INFO]: [CommonLoader] Running VariantPistons
[20:45:04] [Datafixer Bootstrap/INFO]: 188 Datafixer optimizations took 59 milliseconds
[20:45:04] [Render thread/INFO]: [CommonLoader] 69 classes to load for class svenhjol.charmony.common.CommonLoader
[20:45:04] [Render thread/INFO]: [CommonLoader] Enabled AerialAffinity
[20:45:04] [Render thread/INFO]: [CommonLoader] Enabled AmethystNoteBlock
[20:45:04] [Render thread/INFO]: [CommonLoader] Enabled ArcanePurpur
[20:45:04] [Render thread/INFO]: [CommonLoader] Enabled Atlases
[20:45:04] [Render thread/INFO]: [CommonLoader] Enabled AutoRestock
[20:45:04] [Render thread/INFO]: [CommonLoader] Enabled AzaleaWood
[20:45:04] [Render thread/INFO]: [CommonLoader] Enabled BatBuckets
[20:45:04] [Render thread/INFO]: [CommonLoader] Enabled BeaconsHealMobs
[20:45:04] [Render thread/INFO]: [CommonLoader] Enabled Beekeepers
[20:45:04] [Render thread/INFO]: [CommonLoader] Enabled CampfiresBoostHealth
[20:45:04] [Render thread/INFO]: [CommonLoader] Enabled Chairs
[20:45:04] [Render thread/INFO]: [CommonLoader] Enabled ChorusTeleport
[20:45:04] [Render thread/INFO]: [CommonLoader] Enabled ClearItemFrames
[20:45:04] [Render thread/INFO]: [CommonLoader] Enabled Collection
[20:45:04] [Render thread/INFO]: [CommonLoader] Enabled ColoredGlintSmithingTemplates
[20:45:04] [Render thread/INFO]: [CommonLoader] Enabled CopperPistons
[20:45:04] [Render thread/INFO]: [CommonLoader] Enabled CoralSeaLanterns
[20:45:04] [Render thread/INFO]: [CommonLoader] Enabled CoralSquids
[20:45:04] [Render thread/INFO]: [CommonLoader] Enabled Core
[20:45:04] [Render thread/INFO]: [CommonLoader] Enabled DeepslateDungeons
[20:45:04] [Render thread/INFO]: [CommonLoader] Enabled Echolocation
[20:45:04] [Render thread/INFO]: [CommonLoader] Enabled EnchantableHorseArmor
[20:45:04] [Render thread/INFO]: [CommonLoader] Enabled EndermitePowder
[20:45:04] [Render thread/INFO]: [CommonLoader] Enabled ExtraMobDrops
[20:45:04] [Render thread/INFO]: [CommonLoader] Enabled ExtraPortalFrames
[20:45:04] [Render thread/INFO]: [CommonLoader] Enabled ExtraRecipes
[20:45:04] [Render thread/INFO]: [CommonLoader] Enabled ExtraRepairs
[20:45:04] [Render thread/INFO]: [CommonLoader] Enabled ExtraStackables
[20:45:04] [Render thread/INFO]: [CommonLoader] Enabled ExtraStews
[20:45:04] [Render thread/INFO]: [CommonLoader] Enabled ExtraTrades
[20:45:04] [Render thread/INFO]: [CommonLoader] Enabled ExtractableEnchantments
[20:45:04] [Render thread/INFO]: [CommonLoader] Enabled Firing
[20:45:04] [Render thread/INFO]: [CommonLoader] Enabled GrindableHorseArmor
[20:45:04] [Render thread/INFO]: [CommonLoader] Enabled HoverSorting
[20:45:04] [Render thread/INFO]: [CommonLoader] Enabled ImprovedMineshafts
[20:45:04] [Render thread/INFO]: [CommonLoader] Enabled Kilns
[20:45:04] [Render thread/INFO]: [CommonLoader] Enabled LongerSuspiciousEffects
[20:45:04] [Render thread/INFO]: [CommonLoader] Enabled LowerNoteblockPitch
[20:45:04] [Render thread/INFO]: [CommonLoader] Enabled Lumberjacks
[20:45:04] [Render thread/INFO]: [CommonLoader] Enabled MakeSuspiciousBlocks
[20:45:04] [Render thread/INFO]: [CommonLoader] Enabled Mooblooms
[20:45:04] [Render thread/INFO]: [CommonLoader] Enabled NearbyWorkstations
[20:45:04] [Render thread/INFO]: [CommonLoader] Enabled NoCropTrampling
[20:45:04] [Render thread/INFO]: [CommonLoader] Enabled NoPetDamage
[20:45:04] [Render thread/INFO]: [CommonLoader] Enabled OpenBothDoors
[20:45:04] [Render thread/INFO]: [CommonLoader] Enabled ParrotsStayOnShoulder
[20:45:04] [Render thread/INFO]: [CommonLoader] Enabled PathConversion
[20:45:04] [Render thread/INFO]: [CommonLoader] Enabled PiglinsFollowGoldBlocks
[20:45:04] [Render thread/INFO]: [CommonLoader] Enabled PigsFindMushrooms
[20:45:04] [Render thread/INFO]: [CommonLoader] Enabled PlayerPressurePlates
[20:45:04] [Render thread/INFO]: [CommonLoader] Enabled PotionOfRadiance
[20:45:04] [Render thread/INFO]: [CommonLoader] Enabled RedstoneSand
[20:45:04] [Render thread/INFO]: [CommonLoader] Enabled RevivePets
[20:45:04] [Render thread/INFO]: [CommonLoader] Enabled ShulkerBoxDragDrop
[20:45:04] [Render thread/INFO]: [CommonLoader] Enabled SmoothGlowstone
[20:45:04] [Render thread/INFO]: [CommonLoader] Enabled SpawnerDrops
[20:45:04] [Render thread/INFO]: [CommonLoader] Enabled StorageBlocks
[20:45:04] [Render thread/INFO]: [CommonLoader] Enabled StrongerAnvils
[20:45:04] [Render thread/INFO]: [CommonLoader] Enabled TorchflowersEmitLight
[20:45:04] [Render thread/INFO]: [CommonLoader] Enabled TotemsWorkFromInventory
[20:45:04] [Render thread/INFO]: [CommonLoader] Enabled UnlimitedRepairCost
[20:45:04] [Render thread/INFO]: [CommonLoader] Enabled VanillaWoodVariants
[20:45:04] [Render thread/INFO]: [CommonLoader] Enabled VillagersFollowEmeraldBlocks
[20:45:04] [Render thread/INFO]: [CommonLoader] Enabled Woodcutters
[20:45:04] [Render thread/INFO]: [CommonLoader] Enabled Woodcutting
[20:45:04] [FileWatcher-1-thread-1/INFO]: Reloading common config for bettertridents
[20:45:04] [Render thread/INFO]: [CommonLoader] Running Woodcutters
[20:45:04] [Render thread/INFO]: [CommonLoader] Running AerialAffinity
[20:45:04] [Render thread/INFO]: [CommonLoader] Running AmethystNoteBlock
[20:45:04] [Render thread/INFO]: [CommonLoader] Running ArcanePurpur
[20:45:04] [Render thread/INFO]: [CommonLoader] Running Atlases
[20:45:04] [Render thread/INFO]: [CommonLoader] Running AutoRestock
[20:45:04] [Render thread/INFO]: [CommonLoader] Running AzaleaWood
[20:45:04] [Render thread/INFO]: [CommonLoader] Running BatBuckets
[20:45:04] [Render thread/INFO]: [CommonLoader] Running BeaconsHealMobs
[20:45:04] [Render thread/INFO]: [CommonLoader] Running Beekeepers
[20:45:04] [Render thread/INFO]: [CommonLoader] Running CampfiresBoostHealth
[20:45:04] [Render thread/INFO]: [CommonLoader] Running Chairs
[20:45:04] [Render thread/INFO]: [CommonLoader] Running ChorusTeleport
[20:45:04] [Render thread/INFO]: [CommonLoader] Running ClearItemFrames
[20:45:04] [Render thread/INFO]: [CommonLoader] Running Collection
[20:45:04] [Render thread/INFO]: [CommonLoader] Running ColoredGlintSmithingTemplates
[20:45:04] [Render thread/INFO]: [CommonLoader] Running CopperPistons
[20:45:04] [Render thread/INFO]: [CommonLoader] Running CoralSeaLanterns
[20:45:04] [Render thread/INFO]: [CommonLoader] Running CoralSquids
[20:45:04] [Render thread/INFO]: [CommonLoader] Running Core
[20:45:04] [Render thread/INFO]: [CommonLoader] Running DeepslateDungeons
[20:45:04] [Render thread/INFO]: [CommonLoader] Running Echolocation
[20:45:04] [Render thread/INFO]: [CommonLoader] Running EnchantableHorseArmor
[20:45:04] [Render thread/INFO]: [CommonLoader] Running EndermitePowder
[20:45:04] [Render thread/INFO]: [CommonLoader] Running ExtraMobDrops
[20:45:04] [Render thread/INFO]: [CommonLoader] Running ExtraPortalFrames
[20:45:04] [Render thread/INFO]: [CommonLoader] Running ExtraRecipes
[20:45:04] [Render thread/INFO]: [CommonLoader] Running ExtraRepairs
[20:45:04] [Render thread/INFO]: [CommonLoader] Running ExtraStackables
[20:45:04] [Render thread/INFO]: [CommonLoader] Running ExtraStews
[20:45:04] [Render thread/INFO]: [CommonLoader] Running ExtraTrades
[20:45:04] [Render thread/INFO]: [CommonLoader] Running ExtractableEnchantments
[20:45:04] [Render thread/INFO]: [CommonLoader] Running Firing
[20:45:04] [Render thread/INFO]: [CommonLoader] Running GrindableHorseArmor
[20:45:04] [Render thread/INFO]: [CommonLoader] Running HoverSorting
[20:45:04] [Render thread/INFO]: [CommonLoader] Running ImprovedMineshafts
[20:45:04] [Render thread/INFO]: [CommonLoader] Running Kilns
[20:45:04] [Render thread/INFO]: [CommonLoader] Running LongerSuspiciousEffects
[20:45:04] [Render thread/INFO]: [CommonLoader] Running LowerNoteblockPitch
[20:45:04] [Render thread/INFO]: [CommonLoader] Running MakeSuspiciousBlocks
[20:45:04] [Render thread/INFO]: [CommonLoader] Running Mooblooms
[20:45:04] [Render thread/INFO]: [CommonLoader] Running NearbyWorkstations
[20:45:04] [Render thread/INFO]: [CommonLoader] Running NoCropTrampling
[20:45:04] [Render thread/INFO]: [CommonLoader] Running NoPetDamage
[20:45:04] [Render thread/INFO]: [CommonLoader] Running OpenBothDoors
[20:45:04] [Render thread/INFO]: [CommonLoader] Running ParrotsStayOnShoulder
[20:45:04] [Render thread/INFO]: [CommonLoader] Running PathConversion
[20:45:04] [Render thread/INFO]: [CommonLoader] Running PiglinsFollowGoldBlocks
[20:45:04] [Render thread/INFO]: [CommonLoader] Running PigsFindMushrooms
[20:45:04] [Render thread/INFO]: [CommonLoader] Running PlayerPressurePlates
[20:45:04] [Render thread/INFO]: [CommonLoader] Running PotionOfRadiance
[20:45:04] [Render thread/INFO]: [CommonLoader] Running RedstoneSand
[20:45:04] [Render thread/INFO]: [CommonLoader] Running RevivePets
[20:45:04] [Render thread/INFO]: [CommonLoader] Running ShulkerBoxDragDrop
[20:45:04] [Render thread/INFO]: [CommonLoader] Running SmoothGlowstone
[20:45:04] [Render thread/INFO]: [CommonLoader] Running SpawnerDrops
[20:45:04] [Render thread/INFO]: [CommonLoader] Running StorageBlocks
[20:45:04] [Render thread/INFO]: [CommonLoader] Running StrongerAnvils
[20:45:04] [Render thread/INFO]: [CommonLoader] Running TorchflowersEmitLight
[20:45:04] [Render thread/INFO]: [CommonLoader] Running TotemsWorkFromInventory
[20:45:04] [Render thread/INFO]: [CommonLoader] Running UnlimitedRepairCost
[20:45:04] [Render thread/INFO]: [CommonLoader] Running VanillaWoodVariants
[20:45:04] [Render thread/INFO]: [CommonLoader] Running VillagersFollowEmeraldBlocks
[20:45:04] [Render thread/INFO]: [CommonLoader] Running Woodcutting
[20:45:04] [Render thread/INFO]: [CommonLoader] Running Lumberjacks
[20:45:04] [Render thread/INFO]: Constructing common components for climaterivers:main
[20:45:04] [Render thread/INFO]: Loading Collective version 8.39.
[20:45:04] [Render thread/INFO]: Initializing network...
[20:45:04] [Render thread/INFO]: Initialized network!
[20:45:04] [Render thread/INFO]: fabric loader environment detected
[20:45:04] [Render thread/INFO]: Constructing common components for cutthrough:main
[20:45:04] [Render thread/INFO]: Loading client config for cutthrough
[20:45:04] [Render thread/INFO]: Enabled 66 bug fixes: [MC-577, MC-2025, MC-4490, MC-7569, MC-8187, MC-12829, MC-14923, MC-22882, MC-30391, MC-31819, MC-46766, MC-55347, MC-69216, MC-72151, MC-79545, MC-80859, MC-88371, MC-89146, MC-90084, MC-90683, MC-93018, MC-93384, MC-100991, MC-108948, MC-111516, MC-112730, MC-116379, MC-119417, MC-119754, MC-121706, MC-121772, MC-121903, MC-122477, MC-122627, MC-123739, MC-124117, MC-127970, MC-129909, MC-132878, MC-135971, MC-140646, MC-143474, MC-155509, MC-159163, MC-160095, MC-165381, MC-176559, MC-179072, MC-183776, MC-183990, MC-193343, MC-197260, MC-199467, MC-200418, MC-206922, MC-215530, MC-215531, MC-217716, MC-223153, MC-224729, MC-227169, MC-231097, MC-231743, MC-232869, MC-237493, MC-263865]
[20:45:04] [Render thread/INFO]: Successfully Debugify'd your game!
[20:45:04] [Render thread/ERROR]: No data fixer registered for crystallized_amber
[20:45:04] [Render thread/ERROR]: No data fixer registered for sculk_jaw
[20:45:04] [Render thread/INFO]: Loaded DEUF Refabricated Config
[20:45:04] [Render thread/INFO]: Constructing common components for diagonalblocks:main
[20:45:04] [Render thread/INFO]: Constructing common components for diagonalfences:main
[20:45:05] [Render thread/INFO]: Constructing shapes for DiagonalFenceBlock[NodeWidth=2.0,ExtensionWidth=2.0,NodeTop=24.0,ExtensionBottom=0.0,ExtensionTop=24.0] took 13ms
[20:45:05] [Render thread/INFO]: Constructing shapes for DiagonalFenceBlock[NodeWidth=2.0,ExtensionWidth=2.0,NodeTop=16.0,ExtensionBottom=0.0,ExtensionTop=16.0] took 11ms
[20:45:05] [Render thread/INFO]: Constructing shapes for DiagonalFenceBlock[NodeWidth=2.0,ExtensionWidth=1.0,NodeTop=16.0,ExtensionBottom=6.0,ExtensionTop=15.0] took 30ms
[20:45:05] [Render thread/INFO]: Dino roars with bestial vigor!
[20:45:05] [Render thread/INFO]: Adding Dinosaurs to world generation
[20:45:05] [Render thread/INFO]: Registering DinoBlocks
[20:45:05] [Render thread/INFO]: Registering block entities
[20:45:05] [Render thread/INFO]: Registering prehistoric items...
[20:45:05] [Render thread/INFO]: Custom sounds loading...
[20:45:05] [Render thread/INFO]: Adding Fossils to world generation
[20:45:05] [Render thread/INFO]: Constructing common components for easyanvils:main
[20:45:05] [Render thread/INFO]: Loading client config for easyanvils
[20:45:05] [Render thread/INFO]: Constructing common components for easymagic:main
[20:45:05] [Render thread/INFO]: Loading client config for easymagic
[20:45:05] [Render thread/INFO]: Loaded config everycomp-client.json
[20:45:05] [Render thread/INFO]: Loaded config everycomp-common.json
[20:45:05] [Render thread/INFO]: Loaded config everycomp-hazardous.json
[20:45:05] [FileWatcher-1-thread-1/INFO]: Reloading client config for cutthrough
[20:45:05] [Render thread/INFO]: ExpandAbility here, who dis?
[20:45:05] [Render thread/INFO]: [Fabrication] Loading of dimensional_tools.ini done in 930.2 μs with 0 warnings
[20:45:05] [Render thread/INFO]: [Fabrication] Loading of item_despawn.ini done in 296.1 μs with 0 warnings
[20:45:05] [Render thread/INFO]: [Fabrication] Loading of fscript.ini done in 215.6 μs with 0 warnings
[20:45:05] [Render thread/INFO]: [Fabrication] Loading of yeet_recipes.ini done in 31.02 μs with 0 warnings
[20:45:05] [Render thread/INFO]: [Fabrication] Loading of taggable_players.ini done in 780.7 μs with 0 warnings
[20:45:05] [Render thread/INFO]: [Fabrication] Loading of classic_block_drops.ini done in 464.6 μs with 0 warnings
[20:45:05] [Render thread/INFO]: [Fabrication] Loading of block_logo.png done in 7.283 ms with 0 warnings
[20:45:05] [Render thread/INFO]: [Fabrication] Loading of block_logo.ini done in 7.873 ms with 0 warnings
[20:45:05] [Render thread/INFO]: [Fabrication] Loading of gear_components.ini done in 2.964 ms with 0 warnings
[20:45:05] [FileWatcher-1-thread-1/INFO]: Reloading client config for easyanvils
[20:45:05] [FileWatcher-1-thread-1/INFO]: Reloading client config for easymagic
[20:45:05] [Render thread/INFO]: [FANCYMENU] Loading v3.9.12 in client-side mode on FABRIC!
[20:45:05] [Render thread/INFO]: [FANCYMENU] Registered FancyMenu's resource reload listener via Fabric API.
[20:45:05] [Render thread/INFO]: Farmer's Knives loaded!
[20:45:05] [Render thread/INFO]: ping & connect fast!
[20:45:05] [Render thread/INFO]: Constructing common components for fastitemframes:main
[20:45:05] [Render thread/INFO]: Reflections took 5 ms to scan 1 urls, producing 2 keys and 9 values
[20:45:06] [Render thread/INFO]: Detected Serene Seasons Plus. Elected host: SERENE_SEASONS_PLUS
[20:45:06] [Render thread/INFO]: Initializing Gimm1q - Mim1q's Fabric modding library!
[20:45:06] [Render thread/ERROR]: No data fixer registered for anomaly
[20:45:06] [Render thread/ERROR]: No data fixer registered for season_sensor
[20:45:06] [Render thread/INFO]: Re-assigning datapack reload listener...
[20:45:06] [Render thread/INFO]: Loading default data packs...
[20:45:06] [Render thread/INFO]: All done with datapacks!
[20:45:06] [Render thread/INFO]: Registered JSON trade offer adapter.
[20:45:06] [Render thread/INFO]: Loading Hybrid Aquatic config file
[20:45:06] [Render thread/INFO]: Initializing Hybrid Aquatic
[20:45:06] [Render thread/INFO]: Hybrid Aquatic loaded.
[20:45:06] [Render thread/INFO]: Loading Hybrid Aquatic config file
[20:45:06] [Render thread/INFO]: Loading Hybrid Aquatic config file
[20:45:06] [Render thread/INFO]: Registering C2S receiver with id iceandfire:dragon_control
[20:45:06] [Render thread/INFO]: Registering C2S receiver with id iceandfire:multipart_interact
[20:45:06] [Render thread/INFO]: Registering C2S receiver with id iceandfire:player_hit_multipart
[20:45:06] [Render thread/INFO]: Registering C2S receiver with id iceandfire:start_riding_mob_c2s
[20:45:06] [Render thread/INFO]: Constructing common components for illagerinvasion:main
[20:45:06] [Render thread/INFO]: [STDOUT]: [toni.immersivetips.foundation.config.CCommon] All values is empty! This config file contains nothing!
[20:45:06] [Render thread/INFO]: [STDOUT]: [toni.immersivetips.foundation.config.CServer] All values is empty! This config file contains nothing!
[20:45:06] [Render thread/INFO]: Registering C2S receiver with id itemfilters:main/14e7fa1454283aec8ae811ef844ada28
[20:45:06] [Render thread/INFO]: Registering S2C receiver with id itemfilters:main/14e7fa1454283aec8ae811ef844ada28
[20:45:06] [Render thread/INFO]: Registering C2S receiver with id itemfilters:main/8f6a899247753217b9d86ab427a2b279
[20:45:06] [Render thread/INFO]: Registering S2C receiver with id itemfilters:main/8f6a899247753217b9d86ab427a2b279
[20:45:06] [Render thread/INFO]: Initializing JamLib on Fabric
[20:45:06] [Render thread/INFO]: Config spec system detected, register to Jupiter Config System.
[20:45:06] [Render thread/INFO]: Cloth Config API detected, register to Jupiter Config System.
[20:45:07] [Render thread/INFO]: Processing 7 KiwiModule annotations
[20:45:07] [Render thread/WARN]: Discarding @Unique public method getOffset in porting_lib_extensions.mixins.json:client.VertexFormatMixin from mod porting_lib_extensions because it already exists in net.minecraft.class_293
[20:45:07] [Render thread/INFO]: [Fabrication] FabInjector found a Redirect from com.leon.saintsdragons.fabric.mixin.fabric.BloodTempestAfterimageItemRendererMixin;redirect$mkm000$saintsdragons$useAfterimageRenderType; which has been added to net/minecraft/class_918;fabrication$blink
[20:45:07] [Render thread/WARN]: [Fabrication] FabInjector failed to find injection point for net/minecraft/class_918;method_23179(Lnet/minecraft/class_1799;Lnet/minecraft/class_811;ZLnet/minecraft/class_4587;Lnet/minecraft/class_4597;IILnet/minecraft/class_1087;)V	Lnet/minecraft/class_4696;method_23678(Lnet/minecraft/class_1799;Z)Lnet/minecraft/class_1921;
 may have been caused by another mods Redirect, assuming fixed
[20:45:07] [Render thread/INFO]: Module [kiwi:contributors] initialized
[20:45:07] [Render thread/INFO]: Module [snowrealmagic:core] initialized
[20:45:07] [Render thread/INFO]: 		block: 7, block_entity_type: 2, entity_type: 1, loot_pool_entry_type: 1
[20:45:07] [Render thread/INFO]: Module [kiwi:data] initialized
[20:45:07] [Render thread/INFO]: 		recipe_serializer: 3
[20:45:07] [Render thread/INFO]: [KONKRETE] Successfully initialized!
[20:45:07] [Render thread/INFO]: [KONKRETE] Server-side libs ready to use!
[20:45:07] [Render thread/INFO]: Compression will use libdeflate (Linux x86_64), encryption will use OpenSSL 3.0.x (Linux x86_64)
[20:45:07] [Render thread/INFO]: Constructing common components for leavesbegone:main
[20:45:07] [Render thread/INFO]: Constructing common components for magnumtorch:main
[20:45:07] [Render thread/INFO]: [McQoy] I’m beginning to think I can cure a rainy day!
[20:45:07] [Render thread/INFO]: [MELODY] Loading Melody background audio library..
[20:45:07] [Render thread/INFO]: Constructing common components for mindfuldarkness:main
[20:45:07] [Render thread/INFO]: Loading client config for mindfuldarkness
[20:45:07] [Render thread/INFO]: Definitely not up to no good
[20:45:07] [Render thread/INFO]: Definitely not up to no good
[20:45:07] [Render thread/INFO]: Constructing common components for mobplaques:main
[20:45:07] [Render thread/INFO]: Loading client config for mobplaques
[20:45:07] [Render thread/INFO]: Registered mobs_of_mythology config for auto-sync function
[20:45:07] [Render thread/INFO]: Loaded config moonlight-common.json
[20:45:07] [Render thread/INFO]: [STDOUT]: All 15 have been set properly
[20:45:07] [Render thread/INFO]: Registering Blocks formore_spawners
[20:45:07] [Render thread/INFO]: Registering Item Groups for more_spawners
[20:45:07] [Render thread/INFO]: Registering Block Entities for more_spawners
[20:45:07] [Render thread/INFO]: Constructing common components for mutantmonsters:main
[20:45:07] [Render thread/INFO]: Loading common config for mutantmonsters
[20:45:07] [Render thread/INFO]: KONNICHIWA ZA WARUDO!
[20:45:07] [Render thread/INFO]: Default JVM text encoding is: UTF-8
[20:45:07] [Render thread/INFO]: Reading config file NoChatReports/NCR-Common.json...
[20:45:07] [Render thread/INFO]: Reading config file NoChatReports/NCR-Client.json...
[20:45:07] [Render thread/INFO]: Reading config file NoChatReports/NCR-ServerPreferences.json...
[20:45:07] [Render thread/INFO]: Reading config file NoChatReports/NCR-Encryption.json...
[20:45:07] [Render thread/INFO]: Writing config file NoChatReports/NCR-Common.json...
[20:45:07] [Render thread/INFO]: Writing config file NoChatReports/NCR-Client.json...
[20:45:07] [Render thread/INFO]: Writing config file NoChatReports/NCR-ServerPreferences.json...
[20:45:07] [Render thread/INFO]: Writing config file NoChatReports/NCR-Encryption.json...
[20:45:07] [Render thread/INFO]: Client initialization...
[20:45:07] [Render thread/INFO]: Loading Noisium.
[20:45:07] [Render thread/INFO]: I tried to punch tree. It didn't work, my hands are now covered in blood and splinters. Need to try something else ...
[20:45:07] [Render thread/INFO]: Loading NoTreePunching Config
[20:45:07] [Render thread/INFO]: Loaded NoTreePunching Config
[20:45:07] [Render thread/INFO]: Registering Items for oceansdelight
[20:45:07] [Render thread/INFO]: Registering Blocks for oceansdelight
[20:45:07] [Render thread/INFO]: Registering tabs for oceansdelight
[20:45:07] [Render thread/INFO]: Constructing common components for overflowingbars:main
[20:45:07] [Render thread/INFO]: Loading client config for overflowingbars
[20:45:07] [Render thread/INFO]: make a man a mod, he'll be enteratined for a few minutes - teach a man to mod, and he'll mald till the end of time
[20:45:07] [Render thread/INFO]: Particle Effects Initialized
[20:45:07] [Render thread/ERROR]: Failed to load book betternether:betternether_book defined by mod betternether, skipping
java.lang.IllegalArgumentException: Book betternether:betternether_book has use_resource_pack set to false. This behaviour was removed in 1.20. The book author should enable this flag and move all book contents clientside to /assets/, leaving the book.json in /data/. See https://vazkiimods.github.io/Patchouli/docs/upgrading/upgrade-guide-120 for details.
	at vazkii.patchouli.common.book.Book.<init>(Book.java:145) ~[Patchouli-1.20.1-85-FABRIC.jar:?]
	at vazkii.patchouli.common.book.BookRegistry.loadBook(BookRegistry.java:90) ~[Patchouli-1.20.1-85-FABRIC.jar:?]
	at vazkii.patchouli.common.book.BookRegistry.lambda$init$3(BookRegistry.java:75) ~[Patchouli-1.20.1-85-FABRIC.jar:?]
	at java.util.HashMap.forEach(HashMap.java:1421) ~[?:?]
	at vazkii.patchouli.common.book.BookRegistry.init(BookRegistry.java:70) ~[Patchouli-1.20.1-85-FABRIC.jar:?]
	at vazkii.patchouli.fabric.common.FabricModInitializer.onInitialize(FabricModInitializer.java:33) ~[Patchouli-1.20.1-85-FABRIC.jar:?]
	at net.fabricmc.loader.impl.FabricLoaderImpl.invokeEntrypoints(FabricLoaderImpl.java:409) ~[fabric-loader-0.19.5.jar:?]
	at net.fabricmc.loader.impl.game.minecraft.Hooks.startClient(Hooks.java:52) ~[fabric-loader-0.19.5.jar:?]
	at net.minecraft.class_310.<init>(class_310.java:458) ~[client-intermediary.jar:?]
	at net.minecraft.client.main.Main.main(Main.java:211) ~[fabric-loader-0.19.5-1.20.1.jar:?]
	at net.fabricmc.loader.impl.game.minecraft.MinecraftGameProvider.launch(MinecraftGameProvider.java:517) ~[fabric-loader-0.19.5.jar:?]
	at net.fabricmc.loader.impl.launch.knot.Knot.launch(Knot.java:72) ~[fabric-loader-0.19.5.jar:?]
	at net.fabricmc.loader.impl.launch.knot.KnotClient.main(KnotClient.java:23) ~[fabric-loader-0.19.5.jar:?]
[20:45:07] [FileWatcher-1-thread-1/INFO]: Reloading client config for mindfuldarkness
[20:45:07] [Render thread/INFO]: Constructing common components for pickupnotifier:main
[20:45:07] [Render thread/INFO]: Loading client config for pickupnotifier
[20:45:07] [Render thread/INFO]: [Ping-Wheel] Init
[20:45:07] [Render thread/INFO]: [Ping-Wheel] Loaded ServerConfig(defaultChannelMode=auto, playerTrackingEnabled=true, msToRegenerate=1000, rateLimit=5)
[20:45:08] [Render thread/INFO]: Constructing common components for puzzleslib:main
[20:45:08] [Render thread/INFO]: realistictorches has been initialized!
[20:45:08] [Render thread/INFO]: Registering Block Entities...
[20:45:08] [FileWatcher-1-thread-1/INFO]: Reloading client config for mobplaques
[20:45:08] [Render thread/INFO]: Loaded config realpain:main_config in 101ms
[20:45:08] [Render thread/INFO]: Updated config file at /home/cristi/.deylauncher/instances/1.20.1-fabric/config/rightclickharvest.json5
[20:45:08] [Render thread/INFO]: Initializing Right Click Harvest on FABRIC
[20:45:08] [Render thread/INFO]: [REI] Config loaded
[20:45:08] [Render thread/INFO]: [REI] Registered plugin provider CharmReiPlugin [charm] for REIPlugin
[20:45:08] [Render thread/INFO]: Registering S2C receiver with id roughlyenoughitems:request_tags_s2c
[20:45:08] [Render thread/INFO]: Registering C2S receiver with id roughlyenoughitems:request_tags_c2s
[20:45:08] [Render thread/INFO]: [REI] Registered plugin provider DefaultPlugin [roughlyenoughitems] for REIPlugin
[20:45:08] [Render thread/INFO]: [REI] Registered plugin provider DefaultRuntimePlugin [roughlyenoughitems] for REIPlugin
[20:45:08] [Render thread/INFO]: [REI] Registered plugin provider REIServerCompat [sophisticatedbackpacks] for REIPlugin
[20:45:08] [Render thread/INFO]: [REI] Registered plugin provider REIServerCompat [sophisticatedcore] for REIPlugin
[20:45:08] [Render thread/INFO]: [REI] Registered plugin provider REIServerCompat [sophisticatedstorage] for REIPlugin
[20:45:08] [Render thread/INFO]: [REI] Registered plugin provider TwilightForestREIServerPlugin [twilightforest] for REIPlugin
[20:45:08] [Render thread/INFO]: [REI] Registered plugin provider AccessoriesClientREIPlugin [accessories] for REIPlugin
[20:45:08] [Render thread/INFO]: [REI] Registered plugin provider AetherREIClientPlugin [aether] for REIPlugin
[20:45:08] [Render thread/INFO]: [REI] Registered plugin provider ArgonautsReiClientPlugin [argonauts] for REIPlugin
[20:45:08] [Render thread/INFO]: [REI] Registered plugin provider REIPlugin [betterend] for REIPlugin
[20:45:08] [Render thread/INFO]: [REI] Registered plugin provider CharmReiClientPlugin [charm] for REIPlugin
[20:45:08] [Render thread/INFO]: [REI] Registered plugin provider DisenchanterReiPlugin [disenchanter] for REIPlugin
[20:45:08] [Render thread/INFO]: [REI] Registered plugin provider EnvironmentzReiPlugin [environmentz] for REIPlugin
[20:45:08] [Render thread/INFO]: [REI] Registered plugin provider ExpandedDelightREI [expandeddelight] for REIPlugin
[20:45:08] [Render thread/INFO]: [REI] Registered plugin provider ClientREIPlugin [farmersdelight] for REIPlugin
[20:45:08] [Render thread/INFO]: [REI] Registered plugin provider HeraclesReiClientPlugin [heracles] for REIPlugin
[20:45:08] [Render thread/INFO]: [REI] Registered plugin provider REICompat [kiwi] for REIPlugin
[20:45:08] [Render thread/INFO]: [REI] Registered plugin provider LibzReiPlugin [libz] for REIPlugin
[20:45:08] [Render thread/INFO]: [REI] Registered plugin provider MineCellsReiPlugin [minecells] for REIPlugin
[20:45:08] [Render thread/INFO]: [REI] Registered plugin provider ClientREIPlugin [mynethersdelight] for REIPlugin
[20:45:08] [Render thread/INFO]: [REI] Registered plugin provider OwoReiPlugin [owo] for REIPlugin
[20:45:08] [Render thread/INFO]: [REI] Registered plugin provider ReiCompatibility [polymer-core] for REIPlugin
[20:45:08] [Render thread/INFO]: [REI] Registered plugin provider ClientPlugin [roughly_enough_trades] for REIPlugin
[20:45:08] [Render thread/INFO]: [REI] Registered plugin provider DefaultClientPlugin [roughlyenoughitems] for REIPlugin
[20:45:08] [Render thread/INFO]: [REI] Registered plugin provider DefaultClientRuntimePlugin [roughlyenoughitems] for REIPlugin
[20:45:08] [Render thread/INFO]: [REI] Registered plugin provider HideIngredientsFromTagsPlugin [roughlyenoughitems] for REIPlugin
[20:45:08] [Render thread/INFO]: [REI] Registered plugin provider REPClientPlugin [roughlyenoughprofessions] for REIPlugin
[20:45:08] [Render thread/INFO]: [REI] Registered plugin provider SkillZREIPlugin [skillz] for REIPlugin
[20:45:08] [Render thread/INFO]: [REI] Registered plugin provider REIClientCompat [sophisticatedbackpacks] for REIPlugin
[20:45:08] [Render thread/INFO]: [REI] Registered plugin provider REIClientCompat [sophisticatedcore] for REIPlugin
[20:45:08] [Render thread/INFO]: [REI] Registered plugin provider REIClientCompat [sophisticatedstorage] for REIPlugin
[20:45:08] [Render thread/INFO]: [REI] Registered plugin provider SoulsWeaponryREIClientPlugin [soulsweapons] for REIPlugin
[20:45:08] [Render thread/INFO]: [REI] Registered plugin provider StylishEffectsReiPlugin [stylisheffects] for REIPlugin
[20:45:08] [Render thread/INFO]: [REI] Registered plugin provider REICompat [supplementaries] for REIPlugin
[20:45:08] [Render thread/INFO]: [REI] Registered plugin provider REICompat [the_bumblezone] for REIPlugin
[20:45:08] [Render thread/INFO]: [REI] Registered plugin provider REIPlugin [toms_storage] for REIPlugin
[20:45:08] [Render thread/INFO]: [REI] Registered plugin provider TwilightForestREIClientPlugin [twilightforest] for REIPlugin
[20:45:08] [Render thread/INFO]: [REI] Registered plugin provider RoughlyEnoughItemsIntegration [waystones] for REIPlugin
[20:45:08] [Render thread/INFO]: [REI] Registered plugin provider CharmReiPlugin [charm] for REIServerPlugin
[20:45:08] [Render thread/INFO]: [REI] Registered plugin provider DefaultPlugin [roughlyenoughitems] for REIServerPlugin
[20:45:08] [Render thread/INFO]: [REI] Registered plugin provider DefaultRuntimePlugin [roughlyenoughitems] for REIServerPlugin
[20:45:08] [Render thread/INFO]: [REI] Registered plugin provider REIServerCompat [sophisticatedbackpacks] for REIServerPlugin
[20:45:08] [Render thread/INFO]: [REI] Registered plugin provider REIServerCompat [sophisticatedcore] for REIServerPlugin
[20:45:08] [Render thread/INFO]: [REI] Registered plugin provider REIServerCompat [sophisticatedstorage] for REIServerPlugin
[20:45:08] [Render thread/INFO]: [REI] Registered plugin provider TwilightForestREIServerPlugin [twilightforest] for REIServerPlugin
[20:45:08] [Render thread/INFO]: [REI] Registered plugin provider FabricFluidAPISupportPlugin for REIServerPlugin
[20:45:08] [Render thread/INFO]: [REI] Registered plugin provider FabricFluidAPISupportPlugin for REIPlugin
[20:45:08] [Render thread/INFO]: Registering C2S receiver with id roughlyenoughitems:delete_item
[20:45:08] [Render thread/INFO]: Registering C2S receiver with id roughlyenoughitems:create_item
[20:45:08] [Render thread/INFO]: Registering C2S receiver with id roughlyenoughitems:create_item_grab
[20:45:08] [Render thread/INFO]: Registering C2S receiver with id roughlyenoughitems:create_item_hotbar
[20:45:08] [Render thread/INFO]: Registering C2S receiver with id roughlyenoughitems:move_items
[20:45:08] [Render thread/INFO]: Registering C2S receiver with id roughlyenoughitems:move_items_new
[20:45:08] [Render thread/INFO]: [Fabric] Detected Cloth Config; enabling editable Saint's Dragons configs
[20:45:08] [FileWatcher-1-thread-1/INFO]: Reloading client config for overflowingbars
[20:45:08] [Render thread/INFO]: Raised MAX_HEALTH attribute cap to 100000.0
[20:45:08] [Render thread/INFO]: Raised ARMOR attribute cap to 100000.0
[20:45:08] [Render thread/INFO]: timeWhenActive is either not set or incorrectly configured! (defaulting to "NIGHT")
[20:45:08] [Render thread/INFO]: timeWhenActive is either not set or incorrectly configured! (defaulting to "NIGHT")
[20:45:08] [Render thread/INFO]: timeWhenActive is either not set or incorrectly configured! (defaulting to "NIGHT")
[20:45:08] [Render thread/INFO]: scalingFactor is either not set or incorrectly configured! (defaulting to "DAYS")
[20:45:08] [Render thread/INFO]: Initializing Serene Seasons Plus (Fabric)
[20:45:08] [Render thread/INFO]: Loaded config simplyswords:general in 46ms
[20:45:08] [Render thread/INFO]: Loaded config simplyswords:gui in 7ms
[20:45:08] [Render thread/INFO]: Loaded config simplyswords:gem_powers in 145ms
[20:45:08] [Render thread/INFO]: Loaded config simplyswords:status_effects in 1ms
[20:45:08] [Render thread/INFO]: Loaded config simplyswords:weapon_attributes in 37ms
[20:45:09] [Render thread/INFO]: Loaded config simplyswords:unique_effects in 139ms
[20:45:09] [Render thread/INFO]: Loaded config simplyswords:compatibility in 14ms
[20:45:09] [Render thread/INFO]: Registering C2S receiver with id simplyswords:use_weapon_ability
[20:45:09] [Render thread/INFO]: Registering C2S receiver with id simplyswords:weapon_ability_keybind_state
[20:45:09] [Render thread/INFO]: Registering C2S receiver with id simplyswords:player_movement_intent
[20:45:09] [Render thread/INFO]: Registering S2C receiver with id simplyswords:observer_status_effects
[20:45:09] [Render thread/INFO]: Registering S2C receiver with id simplyswords:soulstalker_leap_launch
[20:45:09] [Render thread/INFO]: [STDOUT]: /home/cristi/.deylauncher/instances/1.20.1-fabric/config
[20:45:09] [Render thread/WARN]: @Inject(@At("INVOKE")) Shift.BY=2 on accessories-tclayer.mixins.json:client.LivingEntityRendererMixin from mod tclayer::handler$ogc000$tclayer$toggleOnEntityAccessoriesToCosmeticLookup exceeds the maximum allowed value: 0. Increase the value of maxShiftBy to suppress this warning.
[20:45:09] [Render thread/INFO]: Loaded config simplytooltips:config in 3ms
[20:45:09] [Render thread/INFO]: SimplyTooltips config loaded: simplytooltips:config
[20:45:09] [Render thread/INFO]: Constructing common components for skeletonaifix:main
[20:45:09] [Render thread/INFO]: Loaded config skillz:main_config in 20ms
[20:45:09] [Render thread/INFO]: Loaded config skillz:client_config in 4ms
[20:45:09] [Render thread/INFO]: SereneSeasons detected. Overriding weather behavior.
[20:45:09] [Render thread/INFO]: Deserializing SnowUnderTreesConfig from '/home/cristi/.deylauncher/instances/1.20.1-fabric/config/snowundertrees.config.json'
[20:45:09] [Render thread/INFO]: Serene Seasons detected!
[20:45:09] [Render thread/INFO]: Loaded config snowyspirit-common.json
[20:45:09] [Render thread/INFO]: Config initialized!
[20:45:09] [Render thread/INFO]: Successfully initialized Geckolib!
[20:45:09] [Render thread/INFO]: Successfully registered SoulsWeapons content!
[20:45:09] [Render thread/INFO]: Successfully registered built-in 2D model resourcepack!
[20:45:09] [Render thread/INFO]: Successfully registered built-in Legacy 2D Models resourcepack!
[20:45:09] [Render thread/INFO]: Successfully registered built-in Legacy 3D Models resourcepack!
[20:45:09] [Render thread/INFO]: Successfully registered built-in Fresh Animations Compat. resourcepack!
[20:45:09] [Render thread/INFO]: Successfully registered built-in Szombie's Enhanced 3D GOW Weapons resourcepack!
[20:45:09] [Render thread/INFO]: Initializing done, time taken: 190ms
[20:45:09] [Render thread/INFO]: Deserializing Config from '/home/cristi/.deylauncher/instances/1.20.1-fabric/config/SoundPhysicsPerfected.json5'
[20:45:09] [Render thread/INFO]: [Spawn Animations] MidnightLib detected!
[20:45:09] [Render thread/INFO]: [Spawn Animations] Registering server started event ...
[20:45:09] [Render thread/INFO]: [Spawn Animations] Loaded Spawn Animations by Tschipcraft successfully!
[20:45:09] [Render thread/INFO]: Constructing common components for stoneworks:main
[20:45:09] [Render thread/INFO]: Loading common config for stoneworks
[20:45:09] [Render thread/INFO]: Constructing common components for stylisheffects:main
[20:45:09] [Render thread/INFO]: Loading client config for stylisheffects
[20:45:09] [Render thread/INFO]: Loaded config supplementaries-common.json
[20:45:09] [Render thread/INFO]: Loaded config supplementaries-client.json
[20:45:10] [Render thread/INFO]: Loaded config suppsquared-common.json
[20:45:10] [Render thread/INFO]: [Surveyor] is not a map mod
[20:45:10] [Render thread/INFO]: [Surveystones] Oh, there's one... and another... aaand another. Lots of stones around here, eh?
[20:45:10] [Render thread/INFO]: Loaded 60 built-in default biome entries from /temperatureapi/default_biomes.json
[20:45:10] [Render thread/INFO]: Loaded 85 Biomes O' Plenty default biome entries from /temperatureapi/default_biomes_bop.json
[20:45:10] [Render thread/INFO]: BiomeAPI loaded: 0 classpath files (0 entries, 0 skipped), 3 external entries (0 skipped), 145 defaults (85 BOP)
[20:45:10] [Render thread/INFO]: Temperature API initialized.
[20:45:10] [Render thread/INFO]: Loaded biome config from /home/cristi/.deylauncher/instances/1.20.1-fabric/config/temperatureapi/biomes.json
[20:45:10] [Render thread/INFO]: Registered region minecraft:overworld to index 0 for type OVERWORLD
[20:45:10] [Render thread/INFO]: Registered region minecraft:nether to index 0 for type NETHER
[20:45:10] [Render thread/INFO]: Registered region biomesoplenty:overworld_primary to index 1 for type OVERWORLD
[20:45:10] [Render thread/INFO]: Registered region biomesoplenty:overworld_secondary to index 2 for type OVERWORLD
[20:45:10] [Render thread/INFO]: Registered region biomesoplenty:overworld_rare to index 3 for type OVERWORLD
[20:45:10] [Render thread/INFO]: Registered region biomesoplenty:nether_common to index 1 for type NETHER
[20:45:10] [Render thread/INFO]: Registered region biomesoplenty:nether_rare to index 2 for type NETHER
[20:45:10] [FileWatcher-1-thread-1/INFO]: Reloading common config for stoneworks
[20:45:10] [Render thread/INFO]: Constructing common components for tinyskeletons:main
[20:45:10] [Render thread/INFO]: Config loaded
[20:45:10] [Render thread/INFO]: Tom's Storage Setup starting
[20:45:10] [FileWatcher-1-thread-1/INFO]: Reloading client config for stylisheffects
[20:45:10] [Render thread/INFO]: Hello Fabric world!
[20:45:10] [Render thread/INFO]: Registering Blocks fortowers
[20:45:10] [Render thread/INFO]: Registering Item Groups for towers
[20:45:10] [Render thread/INFO]: [STDOUT]: TxniLib onInitialize!
[20:45:10] [Render thread/INFO]: [Collective] JSON file 'entity_names.json' generation requested by mod 'villagernames'.
[20:45:10] [Render thread/INFO]: Registered JSON trade offer adapter.
[20:45:10] [Render thread/INFO]: Constructing common components for visualworkbench:main
[20:45:10] [Render thread/INFO]: Loading client config for visualworkbench
[20:45:10] [Render thread/INFO]: [voicechat] Compatibility version 20
[20:45:10] [Render thread/INFO]: [voicechat] Loading plugins
[20:45:10] [Render thread/INFO]: [voicechat] Loaded 2 plugin(s)
[20:45:10] [Render thread/INFO]: [voicechat] Initializing plugins
[20:45:10] [Render thread/INFO]: [STDOUT]: Initializing Sound Physics Perfected Voice Chat integration
[20:45:10] [Render thread/INFO]: [voicechat] Initialized 2 plugin(s)
[20:45:10] [Render thread/INFO]: [voicechat] Registering events for 'pingwheel'
[20:45:10] [Render thread/INFO]: [voicechat] Registering events for 'soundphysicsperfected'
[20:45:10] [Render thread/INFO]: Loading up Void Totem (Fabric)
[20:45:11] [Render thread/INFO]: Reflections took 2 ms to scan 1 urls, producing 1 keys and 4 values
[20:45:11] [Render thread/INFO]: Reflections took 1 ms to scan 1 urls, producing 1 keys and 4 values
[20:45:11] [Render thread/INFO]: Reflections took 0 ms to scan 1 urls, producing 1 keys and 2 values
[20:45:11] [Render thread/INFO]: Reflections took 0 ms to scan 1 urls, producing 1 keys and 2 values
